<annotation>
	<folder>JPEGImages</folder>
	<filename>000058.jpg</filename>
	<path>C:\VOCdevkit\VOC2007\JPEGImages\000058.jpg</path>
	<source>
		<database>Unknown</database>
	</source>
	<size>
		<width>400</width>
		<height>265</height>
		<depth>3</depth>
	</size>
	<segmented>0</segmented>
	<object>
		<name>fire</name>
		<pose>Unspecified</pose>
		<truncated>0</truncated>
		<difficult>0</difficult>
		<bndbox>
			<xmin>148</xmin>
			<ymin>141</ymin>
			<xmax>219</xmax>
			<ymax>165</ymax>
		</bndbox>
	</object>
</annotation>
