<annotation>
	<folder>JPEGImages</folder>
	<filename>000010.jpg</filename>
	<path>C:\VOCdevkit\VOC2007\JPEGImages\000010.jpg</path>
	<source>
		<database>Unknown</database>
	</source>
	<size>
		<width>770</width>
		<height>1026</height>
		<depth>3</depth>
	</size>
	<segmented>0</segmented>
	<object>
		<name>fire</name>
		<pose>Unspecified</pose>
		<truncated>0</truncated>
		<difficult>0</difficult>
		<bndbox>
			<xmin>154</xmin>
			<ymin>321</ymin>
			<xmax>332</xmax>
			<ymax>526</ymax>
		</bndbox>
	</object>
	<object>
		<name>fire</name>
		<pose>Unspecified</pose>
		<truncated>0</truncated>
		<difficult>0</difficult>
		<bndbox>
			<xmin>398</xmin>
			<ymin>321</ymin>
			<xmax>634</xmax>
			<ymax>478</ymax>
		</bndbox>
	</object>
	<object>
		<name>fire</name>
		<pose>Unspecified</pose>
		<truncated>0</truncated>
		<difficult>0</difficult>
		<bndbox>
			<xmin>446</xmin>
			<ymin>455</ymin>
			<xmax>510</xmax>
			<ymax>534</ymax>
		</bndbox>
	</object>
</annotation>
