<annotation>
	<folder>JPEGImages</folder>
	<filename>000015.jpg</filename>
	<path>C:\VOCdevkit\VOC2007\JPEGImages\000015.jpg</path>
	<source>
		<database>Unknown</database>
	</source>
	<size>
		<width>1024</width>
		<height>768</height>
		<depth>3</depth>
	</size>
	<segmented>0</segmented>
	<object>
		<name>fire</name>
		<pose>Unspecified</pose>
		<truncated>0</truncated>
		<difficult>0</difficult>
		<bndbox>
			<xmin>130</xmin>
			<ymin>242</ymin>
			<xmax>422</xmax>
			<ymax>517</ymax>
		</bndbox>
	</object>
</annotation>
