<annotation>
	<folder>JPEGImages</folder>
	<filename>000076.jpg</filename>
	<path>C:\VOCdevkit\VOC2007\JPEGImages\000076.jpg</path>
	<source>
		<database>Unknown</database>
	</source>
	<size>
		<width>305</width>
		<height>300</height>
		<depth>3</depth>
	</size>
	<segmented>0</segmented>
	<object>
		<name>fire</name>
		<pose>Unspecified</pose>
		<truncated>0</truncated>
		<difficult>0</difficult>
		<bndbox>
			<xmin>104</xmin>
			<ymin>59</ymin>
			<xmax>169</xmax>
			<ymax>171</ymax>
		</bndbox>
	</object>
</annotation>
