<annotation>
	<folder>JPEGImages</folder>
	<filename>000056.jpg</filename>
	<path>C:\VOCdevkit\VOC2007\JPEGImages\000056.jpg</path>
	<source>
		<database>Unknown</database>
	</source>
	<size>
		<width>375</width>
		<height>248</height>
		<depth>3</depth>
	</size>
	<segmented>0</segmented>
	<object>
		<name>fire</name>
		<pose>Unspecified</pose>
		<truncated>0</truncated>
		<difficult>0</difficult>
		<bndbox>
			<xmin>98</xmin>
			<ymin>149</ymin>
			<xmax>185</xmax>
			<ymax>214</ymax>
		</bndbox>
	</object>
	<object>
		<name>fire</name>
		<pose>Unspecified</pose>
		<truncated>1</truncated>
		<difficult>0</difficult>
		<bndbox>
			<xmin>221</xmin>
			<ymin>1</ymin>
			<xmax>314</xmax>
			<ymax>163</ymax>
		</bndbox>
	</object>
</annotation>
