<annotation>
	<folder>JPEGImages</folder>
	<filename>000041.jpg</filename>
	<path>C:\VOCdevkit\VOC2007\JPEGImages\000041.jpg</path>
	<source>
		<database>Unknown</database>
	</source>
	<size>
		<width>540</width>
		<height>360</height>
		<depth>3</depth>
	</size>
	<segmented>0</segmented>
	<object>
		<name>fire</name>
		<pose>Unspecified</pose>
		<truncated>0</truncated>
		<difficult>0</difficult>
		<bndbox>
			<xmin>164</xmin>
			<ymin>121</ymin>
			<xmax>272</xmax>
			<ymax>220</ymax>
		</bndbox>
	</object>
	<object>
		<name>fire</name>
		<pose>Unspecified</pose>
		<truncated>1</truncated>
		<difficult>0</difficult>
		<bndbox>
			<xmin>391</xmin>
			<ymin>111</ymin>
			<xmax>540</xmax>
			<ymax>224</ymax>
		</bndbox>
	</object>
</annotation>
