<annotation>
	<folder>JPEGImages</folder>
	<filename>000045.jpg</filename>
	<path>C:\VOCdevkit\VOC2007\JPEGImages\000045.jpg</path>
	<source>
		<database>Unknown</database>
	</source>
	<size>
		<width>640</width>
		<height>480</height>
		<depth>3</depth>
	</size>
	<segmented>0</segmented>
	<object>
		<name>fire</name>
		<pose>Unspecified</pose>
		<truncated>0</truncated>
		<difficult>0</difficult>
		<bndbox>
			<xmin>9</xmin>
			<ymin>162</ymin>
			<xmax>220</xmax>
			<ymax>288</ymax>
		</bndbox>
	</object>
	<object>
		<name>fire</name>
		<pose>Unspecified</pose>
		<truncated>0</truncated>
		<difficult>0</difficult>
		<bndbox>
			<xmin>281</xmin>
			<ymin>232</ymin>
			<xmax>492</xmax>
			<ymax>355</ymax>
		</bndbox>
	</object>
</annotation>
