<annotation>
	<folder>JPEGImages</folder>
	<filename>000012.jpg</filename>
	<path>C:\VOCdevkit\VOC2007\JPEGImages\000012.jpg</path>
	<source>
		<database>Unknown</database>
	</source>
	<size>
		<width>1024</width>
		<height>768</height>
		<depth>3</depth>
	</size>
	<segmented>0</segmented>
	<object>
		<name>fire</name>
		<pose>Unspecified</pose>
		<truncated>0</truncated>
		<difficult>0</difficult>
		<bndbox>
			<xmin>153</xmin>
			<ymin>174</ymin>
			<xmax>528</xmax>
			<ymax>727</ymax>
		</bndbox>
	</object>
	<object>
		<name>fire</name>
		<pose>Unspecified</pose>
		<truncated>0</truncated>
		<difficult>0</difficult>
		<bndbox>
			<xmin>143</xmin>
			<ymin>233</ymin>
			<xmax>275</xmax>
			<ymax>529</ymax>
		</bndbox>
	</object>
	<object>
		<name>fire</name>
		<pose>Unspecified</pose>
		<truncated>0</truncated>
		<difficult>0</difficult>
		<bndbox>
			<xmin>793</xmin>
			<ymin>251</ymin>
			<xmax>920</xmax>
			<ymax>395</ymax>
		</bndbox>
	</object>
</annotation>
