<annotation>
	<folder>JPEGImages</folder>
	<filename>000016.jpg</filename>
	<path>C:\VOCdevkit\VOC2007\JPEGImages\000016.jpg</path>
	<source>
		<database>Unknown</database>
	</source>
	<size>
		<width>1024</width>
		<height>574</height>
		<depth>3</depth>
	</size>
	<segmented>0</segmented>
	<object>
		<name>fire</name>
		<pose>Unspecified</pose>
		<truncated>0</truncated>
		<difficult>0</difficult>
		<bndbox>
			<xmin>243</xmin>
			<ymin>20</ymin>
			<xmax>568</xmax>
			<ymax>476</ymax>
		</bndbox>
	</object>
</annotation>
