<annotation>
	<folder>JPEGImages</folder>
	<filename>000068.jpg</filename>
	<path>C:\VOCdevkit\VOC2007\JPEGImages\000068.jpg</path>
	<source>
		<database>Unknown</database>
	</source>
	<size>
		<width>540</width>
		<height>360</height>
		<depth>3</depth>
	</size>
	<segmented>0</segmented>
	<object>
		<name>fire</name>
		<pose>Unspecified</pose>
		<truncated>0</truncated>
		<difficult>0</difficult>
		<bndbox>
			<xmin>279</xmin>
			<ymin>45</ymin>
			<xmax>362</xmax>
			<ymax>194</ymax>
		</bndbox>
	</object>
	<object>
		<name>fire</name>
		<pose>Unspecified</pose>
		<truncated>0</truncated>
		<difficult>0</difficult>
		<bndbox>
			<xmin>372</xmin>
			<ymin>131</ymin>
			<xmax>421</xmax>
			<ymax>176</ymax>
		</bndbox>
	</object>
</annotation>
