<annotation>
	<folder>JPEGImages</folder>
	<filename>000091.jpg</filename>
	<path>C:\VOCdevkit\VOC2007\JPEGImages\000091.jpg</path>
	<source>
		<database>Unknown</database>
	</source>
	<size>
		<width>295</width>
		<height>450</height>
		<depth>3</depth>
	</size>
	<segmented>0</segmented>
	<object>
		<name>fire</name>
		<pose>Unspecified</pose>
		<truncated>0</truncated>
		<difficult>0</difficult>
		<bndbox>
			<xmin>126</xmin>
			<ymin>269</ymin>
			<xmax>180</xmax>
			<ymax>320</ymax>
		</bndbox>
	</object>
</annotation>
