<annotation>
	<folder>JPEGImages</folder>
	<filename>000037.jpg</filename>
	<path>C:\VOCdevkit\VOC2007\JPEGImages\000037.jpg</path>
	<source>
		<database>Unknown</database>
	</source>
	<size>
		<width>1439</width>
		<height>960</height>
		<depth>3</depth>
	</size>
	<segmented>0</segmented>
	<object>
		<name>fire</name>
		<pose>Unspecified</pose>
		<truncated>0</truncated>
		<difficult>0</difficult>
		<bndbox>
			<xmin>439</xmin>
			<ymin>486</ymin>
			<xmax>695</xmax>
			<ymax>669</ymax>
		</bndbox>
	</object>
</annotation>
