<annotation>
	<folder>JPEGImages</folder>
	<filename>000094.jpg</filename>
	<path>C:\VOCdevkit\VOC2007\JPEGImages\000094.jpg</path>
	<source>
		<database>Unknown</database>
	</source>
	<size>
		<width>536</width>
		<height>393</height>
		<depth>3</depth>
	</size>
	<segmented>0</segmented>
	<object>
		<name>fire</name>
		<pose>Unspecified</pose>
		<truncated>0</truncated>
		<difficult>0</difficult>
		<bndbox>
			<xmin>237</xmin>
			<ymin>170</ymin>
			<xmax>327</xmax>
			<ymax>234</ymax>
		</bndbox>
	</object>
</annotation>
