<annotation>
	<folder>JPEGImages</folder>
	<filename>000019.jpg</filename>
	<path>C:\VOCdevkit\VOC2007\JPEGImages\000019.jpg</path>
	<source>
		<database>Unknown</database>
	</source>
	<size>
		<width>690</width>
		<height>459</height>
		<depth>3</depth>
	</size>
	<segmented>0</segmented>
	<object>
		<name>fire</name>
		<pose>Unspecified</pose>
		<truncated>0</truncated>
		<difficult>0</difficult>
		<bndbox>
			<xmin>494</xmin>
			<ymin>153</ymin>
			<xmax>574</xmax>
			<ymax>237</ymax>
		</bndbox>
	</object>
</annotation>
