<annotation>
	<folder>JPEGImages</folder>
	<filename>000089.jpg</filename>
	<path>C:\VOCdevkit\VOC2007\JPEGImages\000089.jpg</path>
	<source>
		<database>Unknown</database>
	</source>
	<size>
		<width>500</width>
		<height>375</height>
		<depth>3</depth>
	</size>
	<segmented>0</segmented>
	<object>
		<name>fire</name>
		<pose>Unspecified</pose>
		<truncated>0</truncated>
		<difficult>0</difficult>
		<bndbox>
			<xmin>270</xmin>
			<ymin>124</ymin>
			<xmax>354</xmax>
			<ymax>219</ymax>
		</bndbox>
	</object>
</annotation>
