<annotation>
	<folder>JPEGImages</folder>
	<filename>000075.jpg</filename>
	<path>C:\VOCdevkit\VOC2007\JPEGImages\000075.jpg</path>
	<source>
		<database>Unknown</database>
	</source>
	<size>
		<width>500</width>
		<height>331</height>
		<depth>3</depth>
	</size>
	<segmented>0</segmented>
	<object>
		<name>fire</name>
		<pose>Unspecified</pose>
		<truncated>0</truncated>
		<difficult>0</difficult>
		<bndbox>
			<xmin>130</xmin>
			<ymin>67</ymin>
			<xmax>258</xmax>
			<ymax>203</ymax>
		</bndbox>
	</object>
	<object>
		<name>fire</name>
		<pose>Unspecified</pose>
		<truncated>0</truncated>
		<difficult>0</difficult>
		<bndbox>
			<xmin>289</xmin>
			<ymin>130</ymin>
			<xmax>428</xmax>
			<ymax>263</ymax>
		</bndbox>
	</object>
</annotation>
