<annotation>
	<folder>JPEGImages</folder>
	<filename>000069.jpg</filename>
	<path>C:\VOCdevkit\VOC2007\JPEGImages\000069.jpg</path>
	<source>
		<database>Unknown</database>
	</source>
	<size>
		<width>533</width>
		<height>300</height>
		<depth>3</depth>
	</size>
	<segmented>0</segmented>
	<object>
		<name>fire</name>
		<pose>Unspecified</pose>
		<truncated>0</truncated>
		<difficult>0</difficult>
		<bndbox>
			<xmin>234</xmin>
			<ymin>173</ymin>
			<xmax>337</xmax>
			<ymax>244</ymax>
		</bndbox>
	</object>
</annotation>
