<annotation>
	<folder>JPEGImages</folder>
	<filename>000061.jpg</filename>
	<path>C:\VOCdevkit\VOC2007\JPEGImages\000061.jpg</path>
	<source>
		<database>Unknown</database>
	</source>
	<size>
		<width>336</width>
		<height>225</height>
		<depth>3</depth>
	</size>
	<segmented>0</segmented>
	<object>
		<name>fire</name>
		<pose>Unspecified</pose>
		<truncated>0</truncated>
		<difficult>0</difficult>
		<bndbox>
			<xmin>8</xmin>
			<ymin>5</ymin>
			<xmax>225</xmax>
			<ymax>199</ymax>
		</bndbox>
	</object>
</annotation>
