<annotation>
	<folder>JPEGImages</folder>
	<filename>000055.jpg</filename>
	<path>C:\VOCdevkit\VOC2007\JPEGImages\000055.jpg</path>
	<source>
		<database>Unknown</database>
	</source>
	<size>
		<width>337</width>
		<height>210</height>
		<depth>3</depth>
	</size>
	<segmented>0</segmented>
	<object>
		<name>fire</name>
		<pose>Unspecified</pose>
		<truncated>0</truncated>
		<difficult>0</difficult>
		<bndbox>
			<xmin>97</xmin>
			<ymin>43</ymin>
			<xmax>175</xmax>
			<ymax>155</ymax>
		</bndbox>
	</object>
	<object>
		<name>fire</name>
		<pose>Unspecified</pose>
		<truncated>0</truncated>
		<difficult>0</difficult>
		<bndbox>
			<xmin>192</xmin>
			<ymin>81</ymin>
			<xmax>255</xmax>
			<ymax>128</ymax>
		</bndbox>
	</object>
</annotation>
