<annotation>
	<folder>JPEGImages</folder>
	<filename>000035.jpg</filename>
	<path>C:\VOCdevkit\VOC2007\JPEGImages\000035.jpg</path>
	<source>
		<database>Unknown</database>
	</source>
	<size>
		<width>1439</width>
		<height>960</height>
		<depth>3</depth>
	</size>
	<segmented>0</segmented>
	<object>
		<name>fire</name>
		<pose>Unspecified</pose>
		<truncated>0</truncated>
		<difficult>0</difficult>
		<bndbox>
			<xmin>449</xmin>
			<ymin>465</ymin>
			<xmax>677</xmax>
			<ymax>659</ymax>
		</bndbox>
	</object>
</annotation>
