<annotation>
	<folder>JPEGImages</folder>
	<filename>000066.jpg</filename>
	<path>C:\VOCdevkit\VOC2007\JPEGImages\000066.jpg</path>
	<source>
		<database>Unknown</database>
	</source>
	<size>
		<width>1024</width>
		<height>669</height>
		<depth>3</depth>
	</size>
	<segmented>0</segmented>
	<object>
		<name>fire</name>
		<pose>Unspecified</pose>
		<truncated>0</truncated>
		<difficult>0</difficult>
		<bndbox>
			<xmin>399</xmin>
			<ymin>196</ymin>
			<xmax>706</xmax>
			<ymax>472</ymax>
		</bndbox>
	</object>
</annotation>
