<annotation>
	<folder>JPEGImages</folder>
	<filename>000006.jpg</filename>
	<path>C:\VOCdevkit\VOC2007\JPEGImages\000006.jpg</path>
	<source>
		<database>Unknown</database>
	</source>
	<size>
		<width>1080</width>
		<height>810</height>
		<depth>3</depth>
	</size>
	<segmented>0</segmented>
	<object>
		<name>fire</name>
		<pose>Unspecified</pose>
		<truncated>0</truncated>
		<difficult>0</difficult>
		<bndbox>
			<xmin>475</xmin>
			<ymin>480</ymin>
			<xmax>576</xmax>
			<ymax>578</ymax>
		</bndbox>
	</object>
</annotation>
