<annotation>
	<folder>JPEGImages</folder>
	<filename>000067.jpg</filename>
	<path>C:\VOCdevkit\VOC2007\JPEGImages\000067.jpg</path>
	<source>
		<database>Unknown</database>
	</source>
	<size>
		<width>390</width>
		<height>256</height>
		<depth>3</depth>
	</size>
	<segmented>0</segmented>
	<object>
		<name>fire</name>
		<pose>Unspecified</pose>
		<truncated>0</truncated>
		<difficult>0</difficult>
		<bndbox>
			<xmin>10</xmin>
			<ymin>3</ymin>
			<xmax>219</xmax>
			<ymax>213</ymax>
		</bndbox>
	</object>
</annotation>
