<annotation>
	<folder>JPEGImages</folder>
	<filename>000022.jpg</filename>
	<path>C:\VOCdevkit\VOC2007\JPEGImages\000022.jpg</path>
	<source>
		<database>Unknown</database>
	</source>
	<size>
		<width>725</width>
		<height>484</height>
		<depth>3</depth>
	</size>
	<segmented>0</segmented>
	<object>
		<name>fire</name>
		<pose>Unspecified</pose>
		<truncated>0</truncated>
		<difficult>0</difficult>
		<bndbox>
			<xmin>261</xmin>
			<ymin>235</ymin>
			<xmax>436</xmax>
			<ymax>374</ymax>
		</bndbox>
	</object>
	<object>
		<name>fire</name>
		<pose>Unspecified</pose>
		<truncated>0</truncated>
		<difficult>0</difficult>
		<bndbox>
			<xmin>512</xmin>
			<ymin>177</ymin>
			<xmax>678</xmax>
			<ymax>386</ymax>
		</bndbox>
	</object>
</annotation>
