<annotation>
	<folder>JPEGImages</folder>
	<filename>000031.jpg</filename>
	<path>C:\VOCdevkit\VOC2007\JPEGImages\000031.jpg</path>
	<source>
		<database>Unknown</database>
	</source>
	<size>
		<width>520</width>
		<height>356</height>
		<depth>3</depth>
	</size>
	<segmented>0</segmented>
	<object>
		<name>fire</name>
		<pose>Unspecified</pose>
		<truncated>0</truncated>
		<difficult>0</difficult>
		<bndbox>
			<xmin>67</xmin>
			<ymin>226</ymin>
			<xmax>126</xmax>
			<ymax>264</ymax>
		</bndbox>
	</object>
	<object>
		<name>fire</name>
		<pose>Unspecified</pose>
		<truncated>0</truncated>
		<difficult>0</difficult>
		<bndbox>
			<xmin>172</xmin>
			<ymin>192</ymin>
			<xmax>234</xmax>
			<ymax>265</ymax>
		</bndbox>
	</object>
</annotation>
