<annotation>
	<folder>JPEGImages</folder>
	<filename>000032.jpg</filename>
	<path>C:\VOCdevkit\VOC2007\JPEGImages\000032.jpg</path>
	<source>
		<database>Unknown</database>
	</source>
	<size>
		<width>550</width>
		<height>365</height>
		<depth>3</depth>
	</size>
	<segmented>0</segmented>
	<object>
		<name>fire</name>
		<pose>Unspecified</pose>
		<truncated>0</truncated>
		<difficult>0</difficult>
		<bndbox>
			<xmin>319</xmin>
			<ymin>171</ymin>
			<xmax>547</xmax>
			<ymax>352</ymax>
		</bndbox>
	</object>
</annotation>
