<annotation>
	<folder>JPEGImages</folder>
	<filename>000052.jpg</filename>
	<path>C:\VOCdevkit\VOC2007\JPEGImages\000052.jpg</path>
	<source>
		<database>Unknown</database>
	</source>
	<size>
		<width>353</width>
		<height>235</height>
		<depth>3</depth>
	</size>
	<segmented>0</segmented>
	<object>
		<name>fire</name>
		<pose>Unspecified</pose>
		<truncated>0</truncated>
		<difficult>0</difficult>
		<bndbox>
			<xmin>65</xmin>
			<ymin>120</ymin>
			<xmax>106</xmax>
			<ymax>170</ymax>
		</bndbox>
	</object>
</annotation>
