<annotation>
	<folder>JPEGImages</folder>
	<filename>000092.jpg</filename>
	<path>C:\VOCdevkit\VOC2007\JPEGImages\000092.jpg</path>
	<source>
		<database>Unknown</database>
	</source>
	<size>
		<width>450</width>
		<height>313</height>
		<depth>3</depth>
	</size>
	<segmented>0</segmented>
	<object>
		<name>fire</name>
		<pose>Unspecified</pose>
		<truncated>0</truncated>
		<difficult>0</difficult>
		<bndbox>
			<xmin>195</xmin>
			<ymin>89</ymin>
			<xmax>355</xmax>
			<ymax>190</ymax>
		</bndbox>
	</object>
</annotation>
