<annotation>
	<folder>JPEGImages</folder>
	<filename>000071.jpg</filename>
	<path>C:\VOCdevkit\VOC2007\JPEGImages\000071.jpg</path>
	<source>
		<database>Unknown</database>
	</source>
	<size>
		<width>500</width>
		<height>352</height>
		<depth>3</depth>
	</size>
	<segmented>0</segmented>
	<object>
		<name>fire</name>
		<pose>Unspecified</pose>
		<truncated>0</truncated>
		<difficult>0</difficult>
		<bndbox>
			<xmin>188</xmin>
			<ymin>110</ymin>
			<xmax>245</xmax>
			<ymax>173</ymax>
		</bndbox>
	</object>
	<object>
		<name>fire</name>
		<pose>Unspecified</pose>
		<truncated>0</truncated>
		<difficult>0</difficult>
		<bndbox>
			<xmin>282</xmin>
			<ymin>219</ymin>
			<xmax>461</xmax>
			<ymax>302</ymax>
		</bndbox>
	</object>
</annotation>
