<annotation>
	<folder>JPEGImages</folder>
	<filename>000003.jpg</filename>
	<path>C:\VOCdevkit\VOC2007\JPEGImages\000003.jpg</path>
	<source>
		<database>Unknown</database>
	</source>
	<size>
		<width>440</width>
		<height>589</height>
		<depth>3</depth>
	</size>
	<segmented>0</segmented>
	<object>
		<name>fire</name>
		<pose>Unspecified</pose>
		<truncated>0</truncated>
		<difficult>0</difficult>
		<bndbox>
			<xmin>196</xmin>
			<ymin>184</ymin>
			<xmax>293</xmax>
			<ymax>346</ymax>
		</bndbox>
	</object>
</annotation>
