<annotation>
	<folder>JPEGImages</folder>
	<filename>000025.jpg</filename>
	<path>C:\VOCdevkit\VOC2007\JPEGImages\000025.jpg</path>
	<source>
		<database>Unknown</database>
	</source>
	<size>
		<width>400</width>
		<height>278</height>
		<depth>3</depth>
	</size>
	<segmented>0</segmented>
	<object>
		<name>fire</name>
		<pose>Unspecified</pose>
		<truncated>0</truncated>
		<difficult>0</difficult>
		<bndbox>
			<xmin>182</xmin>
			<ymin>83</ymin>
			<xmax>293</xmax>
			<ymax>176</ymax>
		</bndbox>
	</object>
</annotation>
