<annotation>
	<folder>JPEGImages</folder>
	<filename>000034.jpg</filename>
	<path>C:\VOCdevkit\VOC2007\JPEGImages\000034.jpg</path>
	<source>
		<database>Unknown</database>
	</source>
	<size>
		<width>600</width>
		<height>399</height>
		<depth>3</depth>
	</size>
	<segmented>0</segmented>
	<object>
		<name>fire</name>
		<pose>Unspecified</pose>
		<truncated>0</truncated>
		<difficult>0</difficult>
		<bndbox>
			<xmin>91</xmin>
			<ymin>59</ymin>
			<xmax>193</xmax>
			<ymax>121</ymax>
		</bndbox>
	</object>
	<object>
		<name>fire</name>
		<pose>Unspecified</pose>
		<truncated>0</truncated>
		<difficult>0</difficult>
		<bndbox>
			<xmin>322</xmin>
			<ymin>14</ymin>
			<xmax>519</xmax>
			<ymax>146</ymax>
		</bndbox>
	</object>
</annotation>
