<annotation>
	<folder>JPEGImages</folder>
	<filename>000021.jpg</filename>
	<path>C:\VOCdevkit\VOC2007\JPEGImages\000021.jpg</path>
	<source>
		<database>Unknown</database>
	</source>
	<size>
		<width>3000</width>
		<height>1873</height>
		<depth>3</depth>
	</size>
	<segmented>0</segmented>
	<object>
		<name>fire</name>
		<pose>Unspecified</pose>
		<truncated>0</truncated>
		<difficult>0</difficult>
		<bndbox>
			<xmin>167</xmin>
			<ymin>844</ymin>
			<xmax>536</xmax>
			<ymax>1123</ymax>
		</bndbox>
	</object>
	<object>
		<name>fire</name>
		<pose>Unspecified</pose>
		<truncated>0</truncated>
		<difficult>0</difficult>
		<bndbox>
			<xmin>1585</xmin>
			<ymin>1214</ymin>
			<xmax>1815</xmax>
			<ymax>1323</ymax>
		</bndbox>
	</object>
	<object>
		<name>fire</name>
		<pose>Unspecified</pose>
		<truncated>0</truncated>
		<difficult>0</difficult>
		<bndbox>
			<xmin>1846</xmin>
			<ymin>1049</ymin>
			<xmax>2246</xmax>
			<ymax>1236</ymax>
		</bndbox>
	</object>
</annotation>
