<annotation>
	<folder>JPEGImages</folder>
	<filename>000046.jpg</filename>
	<path>C:\VOCdevkit\VOC2007\JPEGImages\000046.jpg</path>
	<source>
		<database>Unknown</database>
	</source>
	<size>
		<width>2256</width>
		<height>1496</height>
		<depth>3</depth>
	</size>
	<segmented>0</segmented>
	<object>
		<name>fire</name>
		<pose>Unspecified</pose>
		<truncated>0</truncated>
		<difficult>0</difficult>
		<bndbox>
			<xmin>868</xmin>
			<ymin>83</ymin>
			<xmax>1274</xmax>
			<ymax>822</ymax>
		</bndbox>
	</object>
</annotation>
