<annotation>
	<folder>JPEGImages</folder>
	<filename>000057.jpg</filename>
	<path>C:\VOCdevkit\VOC2007\JPEGImages\000057.jpg</path>
	<source>
		<database>Unknown</database>
	</source>
	<size>
		<width>330</width>
		<height>220</height>
		<depth>3</depth>
	</size>
	<segmented>0</segmented>
	<object>
		<name>fire</name>
		<pose>Unspecified</pose>
		<truncated>0</truncated>
		<difficult>0</difficult>
		<bndbox>
			<xmin>5</xmin>
			<ymin>2</ymin>
			<xmax>159</xmax>
			<ymax>207</ymax>
		</bndbox>
	</object>
</annotation>
