<annotation>
	<folder>JPEGImages</folder>
	<filename>000004.jpg</filename>
	<path>C:\VOCdevkit\VOC2007\JPEGImages\000004.jpg</path>
	<source>
		<database>Unknown</database>
	</source>
	<size>
		<width>800</width>
		<height>518</height>
		<depth>3</depth>
	</size>
	<segmented>0</segmented>
	<object>
		<name>fire</name>
		<pose>Unspecified</pose>
		<truncated>0</truncated>
		<difficult>0</difficult>
		<bndbox>
			<xmin>223</xmin>
			<ymin>150</ymin>
			<xmax>453</xmax>
			<ymax>279</ymax>
		</bndbox>
	</object>
	<object>
		<name>fire</name>
		<pose>Unspecified</pose>
		<truncated>0</truncated>
		<difficult>0</difficult>
		<bndbox>
			<xmin>526</xmin>
			<ymin>214</ymin>
			<xmax>630</xmax>
			<ymax>281</ymax>
		</bndbox>
	</object>
</annotation>
