<annotation>
	<folder>JPEGImages</folder>
	<filename>000084.jpg</filename>
	<path>C:\VOCdevkit\VOC2007\JPEGImages\000084.jpg</path>
	<source>
		<database>Unknown</database>
	</source>
	<size>
		<width>534</width>
		<height>300</height>
		<depth>3</depth>
	</size>
	<segmented>0</segmented>
	<object>
		<name>fire</name>
		<pose>Unspecified</pose>
		<truncated>0</truncated>
		<difficult>0</difficult>
		<bndbox>
			<xmin>213</xmin>
			<ymin>155</ymin>
			<xmax>287</xmax>
			<ymax>202</ymax>
		</bndbox>
	</object>
</annotation>
