<annotation>
	<folder>JPEGImages</folder>
	<filename>000054.jpg</filename>
	<path>C:\VOCdevkit\VOC2007\JPEGImages\000054.jpg</path>
	<source>
		<database>Unknown</database>
	</source>
	<size>
		<width>500</width>
		<height>333</height>
		<depth>3</depth>
	</size>
	<segmented>0</segmented>
	<object>
		<name>fire</name>
		<pose>Unspecified</pose>
		<truncated>0</truncated>
		<difficult>0</difficult>
		<bndbox>
			<xmin>193</xmin>
			<ymin>67</ymin>
			<xmax>233</xmax>
			<ymax>288</ymax>
		</bndbox>
	</object>
</annotation>
