<annotation>
	<folder>JPEGImages</folder>
	<filename>000028.jpg</filename>
	<path>C:\VOCdevkit\VOC2007\JPEGImages\000028.jpg</path>
	<source>
		<database>Unknown</database>
	</source>
	<size>
		<width>2000</width>
		<height>1334</height>
		<depth>3</depth>
	</size>
	<segmented>0</segmented>
	<object>
		<name>fire</name>
		<pose>Unspecified</pose>
		<truncated>0</truncated>
		<difficult>0</difficult>
		<bndbox>
			<xmin>469</xmin>
			<ymin>267</ymin>
			<xmax>1467</xmax>
			<ymax>721</ymax>
		</bndbox>
	</object>
</annotation>
