<annotation>
	<folder>JPEGImages</folder>
	<filename>000074.jpg</filename>
	<path>C:\VOCdevkit\VOC2007\JPEGImages\000074.jpg</path>
	<source>
		<database>Unknown</database>
	</source>
	<size>
		<width>500</width>
		<height>386</height>
		<depth>3</depth>
	</size>
	<segmented>0</segmented>
	<object>
		<name>fire</name>
		<pose>Unspecified</pose>
		<truncated>0</truncated>
		<difficult>0</difficult>
		<bndbox>
			<xmin>120</xmin>
			<ymin>164</ymin>
			<xmax>285</xmax>
			<ymax>382</ymax>
		</bndbox>
	</object>
</annotation>
