<annotation>
	<folder>JPEGImages</folder>
	<filename>000039.jpg</filename>
	<path>C:\VOCdevkit\VOC2007\JPEGImages\000039.jpg</path>
	<source>
		<database>Unknown</database>
	</source>
	<size>
		<width>400</width>
		<height>267</height>
		<depth>3</depth>
	</size>
	<segmented>0</segmented>
	<object>
		<name>fire</name>
		<pose>Unspecified</pose>
		<truncated>1</truncated>
		<difficult>0</difficult>
		<bndbox>
			<xmin>2</xmin>
			<ymin>1</ymin>
			<xmax>242</xmax>
			<ymax>138</ymax>
		</bndbox>
	</object>
</annotation>
