<annotation>
	<folder>JPEGImages</folder>
	<filename>000049.jpg</filename>
	<path>C:\VOCdevkit\VOC2007\JPEGImages\000049.jpg</path>
	<source>
		<database>Unknown</database>
	</source>
	<size>
		<width>670</width>
		<height>503</height>
		<depth>3</depth>
	</size>
	<segmented>0</segmented>
	<object>
		<name>fire</name>
		<pose>Unspecified</pose>
		<truncated>0</truncated>
		<difficult>0</difficult>
		<bndbox>
			<xmin>301</xmin>
			<ymin>116</ymin>
			<xmax>508</xmax>
			<ymax>343</ymax>
		</bndbox>
	</object>
</annotation>
