<annotation>
	<folder>JPEGImages</folder>
	<filename>000017.jpg</filename>
	<path>C:\VOCdevkit\VOC2007\JPEGImages\000017.jpg</path>
	<source>
		<database>Unknown</database>
	</source>
	<size>
		<width>980</width>
		<height>650</height>
		<depth>3</depth>
	</size>
	<segmented>0</segmented>
	<object>
		<name>fire</name>
		<pose>Unspecified</pose>
		<truncated>0</truncated>
		<difficult>0</difficult>
		<bndbox>
			<xmin>666</xmin>
			<ymin>114</ymin>
			<xmax>807</xmax>
			<ymax>282</ymax>
		</bndbox>
	</object>
</annotation>
