<annotation>
	<folder>JPEGImages</folder>
	<filename>000062.jpg</filename>
	<path>C:\VOCdevkit\VOC2007\JPEGImages\000062.jpg</path>
	<source>
		<database>Unknown</database>
	</source>
	<size>
		<width>474</width>
		<height>317</height>
		<depth>3</depth>
	</size>
	<segmented>0</segmented>
	<object>
		<name>fire</name>
		<pose>Unspecified</pose>
		<truncated>0</truncated>
		<difficult>0</difficult>
		<bndbox>
			<xmin>226</xmin>
			<ymin>35</ymin>
			<xmax>303</xmax>
			<ymax>167</ymax>
		</bndbox>
	</object>
	<object>
		<name>fire</name>
		<pose>Unspecified</pose>
		<truncated>0</truncated>
		<difficult>0</difficult>
		<bndbox>
			<xmin>120</xmin>
			<ymin>39</ymin>
			<xmax>169</xmax>
			<ymax>136</ymax>
		</bndbox>
	</object>
	<object>
		<name>fire</name>
		<pose>Unspecified</pose>
		<truncated>0</truncated>
		<difficult>0</difficult>
		<bndbox>
			<xmin>299</xmin>
			<ymin>80</ymin>
			<xmax>388</xmax>
			<ymax>131</ymax>
		</bndbox>
	</object>
</annotation>
