<annotation>
	<folder>JPEGImages</folder>
	<filename>000043.jpg</filename>
	<path>C:\VOCdevkit\VOC2007\JPEGImages\000043.jpg</path>
	<source>
		<database>Unknown</database>
	</source>
	<size>
		<width>540</width>
		<height>359</height>
		<depth>3</depth>
	</size>
	<segmented>0</segmented>
	<object>
		<name>fire</name>
		<pose>Unspecified</pose>
		<truncated>0</truncated>
		<difficult>0</difficult>
		<bndbox>
			<xmin>352</xmin>
			<ymin>20</ymin>
			<xmax>486</xmax>
			<ymax>134</ymax>
		</bndbox>
	</object>
</annotation>
