<annotation>
	<folder>JPEGImages</folder>
	<filename>000029.jpg</filename>
	<path>C:\VOCdevkit\VOC2007\JPEGImages\000029.jpg</path>
	<source>
		<database>Unknown</database>
	</source>
	<size>
		<width>997</width>
		<height>748</height>
		<depth>3</depth>
	</size>
	<segmented>0</segmented>
	<object>
		<name>fire</name>
		<pose>Unspecified</pose>
		<truncated>0</truncated>
		<difficult>0</difficult>
		<bndbox>
			<xmin>514</xmin>
			<ymin>218</ymin>
			<xmax>598</xmax>
			<ymax>368</ymax>
		</bndbox>
	</object>
</annotation>
