<annotation>
	<folder>JPEGImages</folder>
	<filename>000079.jpg</filename>
	<path>C:\VOCdevkit\VOC2007\JPEGImages\000079.jpg</path>
	<source>
		<database>Unknown</database>
	</source>
	<size>
		<width>600</width>
		<height>425</height>
		<depth>3</depth>
	</size>
	<segmented>0</segmented>
	<object>
		<name>fire</name>
		<pose>Unspecified</pose>
		<truncated>0</truncated>
		<difficult>0</difficult>
		<bndbox>
			<xmin>300</xmin>
			<ymin>28</ymin>
			<xmax>431</xmax>
			<ymax>199</ymax>
		</bndbox>
	</object>
	<object>
		<name>fire</name>
		<pose>Unspecified</pose>
		<truncated>0</truncated>
		<difficult>0</difficult>
		<bndbox>
			<xmin>446</xmin>
			<ymin>90</ymin>
			<xmax>597</xmax>
			<ymax>230</ymax>
		</bndbox>
	</object>
</annotation>
