<annotation>
	<folder>JPEGImages</folder>
	<filename>000086.jpg</filename>
	<path>C:\VOCdevkit\VOC2007\JPEGImages\000086.jpg</path>
	<source>
		<database>Unknown</database>
	</source>
	<size>
		<width>400</width>
		<height>267</height>
		<depth>3</depth>
	</size>
	<segmented>0</segmented>
	<object>
		<name>fire</name>
		<pose>Unspecified</pose>
		<truncated>0</truncated>
		<difficult>0</difficult>
		<bndbox>
			<xmin>96</xmin>
			<ymin>31</ymin>
			<xmax>237</xmax>
			<ymax>233</ymax>
		</bndbox>
	</object>
</annotation>
