<annotation>
	<folder>JPEGImages</folder>
	<filename>000096.jpg</filename>
	<path>C:\VOCdevkit\VOC2007\JPEGImages\000096.jpg</path>
	<source>
		<database>Unknown</database>
	</source>
	<size>
		<width>977</width>
		<height>735</height>
		<depth>3</depth>
	</size>
	<segmented>0</segmented>
	<object>
		<name>fire</name>
		<pose>Unspecified</pose>
		<truncated>0</truncated>
		<difficult>0</difficult>
		<bndbox>
			<xmin>397</xmin>
			<ymin>209</ymin>
			<xmax>694</xmax>
			<ymax>471</ymax>
		</bndbox>
	</object>
	<object>
		<name>fire</name>
		<pose>Unspecified</pose>
		<truncated>0</truncated>
		<difficult>0</difficult>
		<bndbox>
			<xmin>319</xmin>
			<ymin>360</ymin>
			<xmax>359</xmax>
			<ymax>402</ymax>
		</bndbox>
	</object>
</annotation>
