<annotation>
	<folder>JPEGImages</folder>
	<filename>000030.jpg</filename>
	<path>C:\VOCdevkit\VOC2007\JPEGImages\000030.jpg</path>
	<source>
		<database>Unknown</database>
	</source>
	<size>
		<width>595</width>
		<height>387</height>
		<depth>3</depth>
	</size>
	<segmented>0</segmented>
	<object>
		<name>fire</name>
		<pose>Unspecified</pose>
		<truncated>0</truncated>
		<difficult>0</difficult>
		<bndbox>
			<xmin>329</xmin>
			<ymin>289</ymin>
			<xmax>369</xmax>
			<ymax>325</ymax>
		</bndbox>
	</object>
</annotation>
