<annotation>
	<folder>JPEGImages</folder>
	<filename>000018.jpg</filename>
	<path>C:\VOCdevkit\VOC2007\JPEGImages\000018.jpg</path>
	<source>
		<database>Unknown</database>
	</source>
	<size>
		<width>900</width>
		<height>599</height>
		<depth>3</depth>
	</size>
	<segmented>0</segmented>
	<object>
		<name>fire</name>
		<pose>Unspecified</pose>
		<truncated>0</truncated>
		<difficult>0</difficult>
		<bndbox>
			<xmin>186</xmin>
			<ymin>310</ymin>
			<xmax>275</xmax>
			<ymax>410</ymax>
		</bndbox>
	</object>
	<object>
		<name>fire</name>
		<pose>Unspecified</pose>
		<truncated>0</truncated>
		<difficult>0</difficult>
		<bndbox>
			<xmin>564</xmin>
			<ymin>221</ymin>
			<xmax>710</xmax>
			<ymax>378</ymax>
		</bndbox>
	</object>
</annotation>
