<annotation>
	<folder>JPEGImages</folder>
	<filename>000064.jpg</filename>
	<path>C:\VOCdevkit\VOC2007\JPEGImages\000064.jpg</path>
	<source>
		<database>Unknown</database>
	</source>
	<size>
		<width>500</width>
		<height>324</height>
		<depth>3</depth>
	</size>
	<segmented>0</segmented>
	<object>
		<name>fire</name>
		<pose>Unspecified</pose>
		<truncated>1</truncated>
		<difficult>0</difficult>
		<bndbox>
			<xmin>161</xmin>
			<ymin>29</ymin>
			<xmax>500</xmax>
			<ymax>295</ymax>
		</bndbox>
	</object>
</annotation>
