<annotation>
	<folder>JPEGImages</folder>
	<filename>000051.jpg</filename>
	<path>C:\VOCdevkit\VOC2007\JPEGImages\000051.jpg</path>
	<source>
		<database>Unknown</database>
	</source>
	<size>
		<width>342</width>
		<height>227</height>
		<depth>3</depth>
	</size>
	<segmented>0</segmented>
	<object>
		<name>fire</name>
		<pose>Unspecified</pose>
		<truncated>0</truncated>
		<difficult>0</difficult>
		<bndbox>
			<xmin>113</xmin>
			<ymin>58</ymin>
			<xmax>226</xmax>
			<ymax>166</ymax>
		</bndbox>
	</object>
</annotation>
