<annotation>
	<folder>JPEGImages</folder>
	<filename>000007.jpg</filename>
	<path>C:\VOCdevkit\VOC2007\JPEGImages\000007.jpg</path>
	<source>
		<database>Unknown</database>
	</source>
	<size>
		<width>700</width>
		<height>525</height>
		<depth>3</depth>
	</size>
	<segmented>0</segmented>
	<object>
		<name>fire</name>
		<pose>Unspecified</pose>
		<truncated>0</truncated>
		<difficult>0</difficult>
		<bndbox>
			<xmin>240</xmin>
			<ymin>204</ymin>
			<xmax>496</xmax>
			<ymax>303</ymax>
		</bndbox>
	</object>
</annotation>
