<annotation>
	<folder>JPEGImages</folder>
	<filename>000008.jpg</filename>
	<path>C:\VOCdevkit\VOC2007\JPEGImages\000008.jpg</path>
	<source>
		<database>Unknown</database>
	</source>
	<size>
		<width>517</width>
		<height>289</height>
		<depth>3</depth>
	</size>
	<segmented>0</segmented>
	<object>
		<name>fire</name>
		<pose>Unspecified</pose>
		<truncated>0</truncated>
		<difficult>0</difficult>
		<bndbox>
			<xmin>358</xmin>
			<ymin>9</ymin>
			<xmax>480</xmax>
			<ymax>179</ymax>
		</bndbox>
	</object>
</annotation>
