<annotation>
	<folder>JPEGImages</folder>
	<filename>000097.jpg</filename>
	<path>C:\VOCdevkit\VOC2007\JPEGImages\000097.jpg</path>
	<source>
		<database>Unknown</database>
	</source>
	<size>
		<width>500</width>
		<height>397</height>
		<depth>3</depth>
	</size>
	<segmented>0</segmented>
	<object>
		<name>fire</name>
		<pose>Unspecified</pose>
		<truncated>0</truncated>
		<difficult>0</difficult>
		<bndbox>
			<xmin>113</xmin>
			<ymin>95</ymin>
			<xmax>179</xmax>
			<ymax>211</ymax>
		</bndbox>
	</object>
	<object>
		<name>fire</name>
		<pose>Unspecified</pose>
		<truncated>0</truncated>
		<difficult>0</difficult>
		<bndbox>
			<xmin>193</xmin>
			<ymin>178</ymin>
			<xmax>257</xmax>
			<ymax>327</ymax>
		</bndbox>
	</object>
</annotation>
