<annotation>
	<folder>JPEGImages</folder>
	<filename>000128.jpg</filename>
	<path>C:\VOCdevkit\VOC2007\JPEGImages\000128.jpg</path>
	<source>
		<database>Unknown</database>
	</source>
	<size>
		<width>540</width>
		<height>359</height>
		<depth>3</depth>
	</size>
	<segmented>0</segmented>
	<object>
		<name>fire</name>
		<pose>Unspecified</pose>
		<truncated>0</truncated>
		<difficult>0</difficult>
		<bndbox>
			<xmin>350</xmin>
			<ymin>21</ymin>
			<xmax>503</xmax>
			<ymax>136</ymax>
		</bndbox>
	</object>
</annotation>
