<annotation>
	<folder>JPEGImages</folder>
	<filename>000173.jpg</filename>
	<path>C:\VOCdevkit\VOC2007\JPEGImages\000173.jpg</path>
	<source>
		<database>Unknown</database>
	</source>
	<size>
		<width>600</width>
		<height>398</height>
		<depth>3</depth>
	</size>
	<segmented>0</segmented>
	<object>
		<name>fire</name>
		<pose>Unspecified</pose>
		<truncated>0</truncated>
		<difficult>0</difficult>
		<bndbox>
			<xmin>323</xmin>
			<ymin>171</ymin>
			<xmax>397</xmax>
			<ymax>270</ymax>
		</bndbox>
	</object>
	<object>
		<name>fire</name>
		<pose>Unspecified</pose>
		<truncated>0</truncated>
		<difficult>0</difficult>
		<bndbox>
			<xmin>437</xmin>
			<ymin>212</ymin>
			<xmax>508</xmax>
			<ymax>278</ymax>
		</bndbox>
	</object>
</annotation>
