<annotation>
	<folder>JPEGImages</folder>
	<filename>000187.jpg</filename>
	<path>C:\VOCdevkit\VOC2007\JPEGImages\000187.jpg</path>
	<source>
		<database>Unknown</database>
	</source>
	<size>
		<width>600</width>
		<height>388</height>
		<depth>3</depth>
	</size>
	<segmented>0</segmented>
	<object>
		<name>fire</name>
		<pose>Unspecified</pose>
		<truncated>0</truncated>
		<difficult>0</difficult>
		<bndbox>
			<xmin>170</xmin>
			<ymin>136</ymin>
			<xmax>344</xmax>
			<ymax>217</ymax>
		</bndbox>
	</object>
	<object>
		<name>fire</name>
		<pose>Unspecified</pose>
		<truncated>0</truncated>
		<difficult>0</difficult>
		<bndbox>
			<xmin>450</xmin>
			<ymin>160</ymin>
			<xmax>471</xmax>
			<ymax>211</ymax>
		</bndbox>
	</object>
	<object>
		<name>fire</name>
		<pose>Unspecified</pose>
		<truncated>0</truncated>
		<difficult>0</difficult>
		<bndbox>
			<xmin>400</xmin>
			<ymin>175</ymin>
			<xmax>421</xmax>
			<ymax>196</ymax>
		</bndbox>
	</object>
</annotation>
