<annotation>
	<folder>JPEGImages</folder>
	<filename>000158.jpg</filename>
	<path>C:\VOCdevkit\VOC2007\JPEGImages\000158.jpg</path>
	<source>
		<database>Unknown</database>
	</source>
	<size>
		<width>680</width>
		<height>510</height>
		<depth>3</depth>
	</size>
	<segmented>0</segmented>
	<object>
		<name>fire</name>
		<pose>Unspecified</pose>
		<truncated>1</truncated>
		<difficult>0</difficult>
		<bndbox>
			<xmin>304</xmin>
			<ymin>10</ymin>
			<xmax>680</xmax>
			<ymax>387</ymax>
		</bndbox>
	</object>
</annotation>
