<annotation>
	<folder>JPEGImages</folder>
	<filename>000132.jpg</filename>
	<path>C:\VOCdevkit\VOC2007\JPEGImages\000132.jpg</path>
	<source>
		<database>Unknown</database>
	</source>
	<size>
		<width>800</width>
		<height>535</height>
		<depth>3</depth>
	</size>
	<segmented>0</segmented>
	<object>
		<name>fire</name>
		<pose>Unspecified</pose>
		<truncated>0</truncated>
		<difficult>0</difficult>
		<bndbox>
			<xmin>172</xmin>
			<ymin>319</ymin>
			<xmax>317</xmax>
			<ymax>505</ymax>
		</bndbox>
	</object>
	<object>
		<name>fire</name>
		<pose>Unspecified</pose>
		<truncated>0</truncated>
		<difficult>0</difficult>
		<bndbox>
			<xmin>244</xmin>
			<ymin>173</ymin>
			<xmax>398</xmax>
			<ymax>311</ymax>
		</bndbox>
	</object>
	<object>
		<name>fire</name>
		<pose>Unspecified</pose>
		<truncated>0</truncated>
		<difficult>0</difficult>
		<bndbox>
			<xmin>449</xmin>
			<ymin>9</ymin>
			<xmax>588</xmax>
			<ymax>288</ymax>
		</bndbox>
	</object>
</annotation>
