<annotation>
	<folder>JPEGImages</folder>
	<filename>000164.jpg</filename>
	<path>C:\VOCdevkit\VOC2007\JPEGImages\000164.jpg</path>
	<source>
		<database>Unknown</database>
	</source>
	<size>
		<width>850</width>
		<height>563</height>
		<depth>3</depth>
	</size>
	<segmented>0</segmented>
	<object>
		<name>fire</name>
		<pose>Unspecified</pose>
		<truncated>1</truncated>
		<difficult>0</difficult>
		<bndbox>
			<xmin>460</xmin>
			<ymin>172</ymin>
			<xmax>850</xmax>
			<ymax>448</ymax>
		</bndbox>
	</object>
</annotation>
