<annotation>
	<folder>JPEGImages</folder>
	<filename>000109.jpg</filename>
	<path>C:\VOCdevkit\VOC2007\JPEGImages\000109.jpg</path>
	<source>
		<database>Unknown</database>
	</source>
	<size>
		<width>3000</width>
		<height>1996</height>
		<depth>3</depth>
	</size>
	<segmented>0</segmented>
	<object>
		<name>fire</name>
		<pose>Unspecified</pose>
		<truncated>0</truncated>
		<difficult>0</difficult>
		<bndbox>
			<xmin>1228</xmin>
			<ymin>959</ymin>
			<xmax>2233</xmax>
			<ymax>1715</ymax>
		</bndbox>
	</object>
</annotation>
