<annotation>
	<folder>JPEGImages</folder>
	<filename>000188.jpg</filename>
	<path>C:\VOCdevkit\VOC2007\JPEGImages\000188.jpg</path>
	<source>
		<database>Unknown</database>
	</source>
	<size>
		<width>2000</width>
		<height>1340</height>
		<depth>3</depth>
	</size>
	<segmented>0</segmented>
	<object>
		<name>fire</name>
		<pose>Unspecified</pose>
		<truncated>0</truncated>
		<difficult>0</difficult>
		<bndbox>
			<xmin>1244</xmin>
			<ymin>435</ymin>
			<xmax>1887</xmax>
			<ymax>881</ymax>
		</bndbox>
	</object>
</annotation>
