<annotation>
	<folder>JPEGImages</folder>
	<filename>000111.jpg</filename>
	<path>C:\VOCdevkit\VOC2007\JPEGImages\000111.jpg</path>
	<source>
		<database>Unknown</database>
	</source>
	<size>
		<width>400</width>
		<height>266</height>
		<depth>3</depth>
	</size>
	<segmented>0</segmented>
	<object>
		<name>fire</name>
		<pose>Unspecified</pose>
		<truncated>0</truncated>
		<difficult>0</difficult>
		<bndbox>
			<xmin>60</xmin>
			<ymin>46</ymin>
			<xmax>344</xmax>
			<ymax>198</ymax>
		</bndbox>
	</object>
</annotation>
