<annotation>
	<folder>JPEGImages</folder>
	<filename>000119.jpg</filename>
	<path>C:\VOCdevkit\VOC2007\JPEGImages\000119.jpg</path>
	<source>
		<database>Unknown</database>
	</source>
	<size>
		<width>500</width>
		<height>380</height>
		<depth>3</depth>
	</size>
	<segmented>0</segmented>
	<object>
		<name>fire</name>
		<pose>Unspecified</pose>
		<truncated>0</truncated>
		<difficult>0</difficult>
		<bndbox>
			<xmin>275</xmin>
			<ymin>216</ymin>
			<xmax>313</xmax>
			<ymax>329</ymax>
		</bndbox>
	</object>
</annotation>
