<annotation>
	<folder>JPEGImages</folder>
	<filename>000198.jpg</filename>
	<path>C:\VOCdevkit\VOC2007\JPEGImages\000198.jpg</path>
	<source>
		<database>Unknown</database>
	</source>
	<size>
		<width>964</width>
		<height>534</height>
		<depth>3</depth>
	</size>
	<segmented>0</segmented>
	<object>
		<name>fire</name>
		<pose>Unspecified</pose>
		<truncated>0</truncated>
		<difficult>0</difficult>
		<bndbox>
			<xmin>541</xmin>
			<ymin>13</ymin>
			<xmax>683</xmax>
			<ymax>450</ymax>
		</bndbox>
	</object>
</annotation>
