<annotation>
	<folder>JPEGImages</folder>
	<filename>000161.jpg</filename>
	<path>C:\VOCdevkit\VOC2007\JPEGImages\000161.jpg</path>
	<source>
		<database>Unknown</database>
	</source>
	<size>
		<width>450</width>
		<height>299</height>
		<depth>3</depth>
	</size>
	<segmented>0</segmented>
	<object>
		<name>fire</name>
		<pose>Unspecified</pose>
		<truncated>0</truncated>
		<difficult>0</difficult>
		<bndbox>
			<xmin>286</xmin>
			<ymin>4</ymin>
			<xmax>448</xmax>
			<ymax>228</ymax>
		</bndbox>
	</object>
</annotation>
