<annotation>
	<folder>JPEGImages</folder>
	<filename>000197.jpg</filename>
	<path>C:\VOCdevkit\VOC2007\JPEGImages\000197.jpg</path>
	<source>
		<database>Unknown</database>
	</source>
	<size>
		<width>447</width>
		<height>299</height>
		<depth>3</depth>
	</size>
	<segmented>0</segmented>
	<object>
		<name>fire</name>
		<pose>Unspecified</pose>
		<truncated>0</truncated>
		<difficult>0</difficult>
		<bndbox>
			<xmin>167</xmin>
			<ymin>78</ymin>
			<xmax>233</xmax>
			<ymax>223</ymax>
		</bndbox>
	</object>
</annotation>
