<annotation>
	<folder>JPEGImages</folder>
	<filename>000118.jpg</filename>
	<path>C:\VOCdevkit\VOC2007\JPEGImages\000118.jpg</path>
	<source>
		<database>Unknown</database>
	</source>
	<size>
		<width>480</width>
		<height>360</height>
		<depth>3</depth>
	</size>
	<segmented>0</segmented>
	<object>
		<name>fire</name>
		<pose>Unspecified</pose>
		<truncated>0</truncated>
		<difficult>0</difficult>
		<bndbox>
			<xmin>283</xmin>
			<ymin>155</ymin>
			<xmax>383</xmax>
			<ymax>303</ymax>
		</bndbox>
	</object>
</annotation>
