<annotation>
	<folder>JPEGImages</folder>
	<filename>000133.jpg</filename>
	<path>C:\VOCdevkit\VOC2007\JPEGImages\000133.jpg</path>
	<source>
		<database>Unknown</database>
	</source>
	<size>
		<width>259</width>
		<height>194</height>
		<depth>3</depth>
	</size>
	<segmented>0</segmented>
	<object>
		<name>fire</name>
		<pose>Unspecified</pose>
		<truncated>0</truncated>
		<difficult>0</difficult>
		<bndbox>
			<xmin>141</xmin>
			<ymin>88</ymin>
			<xmax>218</xmax>
			<ymax>130</ymax>
		</bndbox>
	</object>
</annotation>
