<annotation>
	<folder>JPEGImages</folder>
	<filename>000117.jpg</filename>
	<path>C:\VOCdevkit\VOC2007\JPEGImages\000117.jpg</path>
	<source>
		<database>Unknown</database>
	</source>
	<size>
		<width>221</width>
		<height>295</height>
		<depth>3</depth>
	</size>
	<segmented>0</segmented>
	<object>
		<name>fire</name>
		<pose>Unspecified</pose>
		<truncated>0</truncated>
		<difficult>0</difficult>
		<bndbox>
			<xmin>85</xmin>
			<ymin>123</ymin>
			<xmax>157</xmax>
			<ymax>190</ymax>
		</bndbox>
	</object>
</annotation>
