<annotation>
	<folder>JPEGImages</folder>
	<filename>000160.jpg</filename>
	<path>C:\VOCdevkit\VOC2007\JPEGImages\000160.jpg</path>
	<source>
		<database>Unknown</database>
	</source>
	<size>
		<width>550</width>
		<height>417</height>
		<depth>3</depth>
	</size>
	<segmented>0</segmented>
	<object>
		<name>fire</name>
		<pose>Unspecified</pose>
		<truncated>0</truncated>
		<difficult>0</difficult>
		<bndbox>
			<xmin>93</xmin>
			<ymin>168</ymin>
			<xmax>221</xmax>
			<ymax>320</ymax>
		</bndbox>
	</object>
</annotation>
