<annotation>
	<folder>JPEGImages</folder>
	<filename>000168.jpg</filename>
	<path>C:\VOCdevkit\VOC2007\JPEGImages\000168.jpg</path>
	<source>
		<database>Unknown</database>
	</source>
	<size>
		<width>1024</width>
		<height>682</height>
		<depth>3</depth>
	</size>
	<segmented>0</segmented>
	<object>
		<name>fire</name>
		<pose>Unspecified</pose>
		<truncated>0</truncated>
		<difficult>0</difficult>
		<bndbox>
			<xmin>481</xmin>
			<ymin>169</ymin>
			<xmax>733</xmax>
			<ymax>375</ymax>
		</bndbox>
	</object>
</annotation>
