<annotation>
	<folder>JPEGImages</folder>
	<filename>000113.jpg</filename>
	<path>C:\VOCdevkit\VOC2007\JPEGImages\000113.jpg</path>
	<source>
		<database>Unknown</database>
	</source>
	<size>
		<width>540</width>
		<height>360</height>
		<depth>3</depth>
	</size>
	<segmented>0</segmented>
	<object>
		<name>fire</name>
		<pose>Unspecified</pose>
		<truncated>0</truncated>
		<difficult>0</difficult>
		<bndbox>
			<xmin>167</xmin>
			<ymin>128</ymin>
			<xmax>269</xmax>
			<ymax>211</ymax>
		</bndbox>
	</object>
	<object>
		<name>fire</name>
		<pose>Unspecified</pose>
		<truncated>0</truncated>
		<difficult>0</difficult>
		<bndbox>
			<xmin>411</xmin>
			<ymin>113</ymin>
			<xmax>539</xmax>
			<ymax>216</ymax>
		</bndbox>
	</object>
</annotation>
