<annotation>
	<folder>JPEGImages</folder>
	<filename>000102.jpg</filename>
	<path>C:\VOCdevkit\VOC2007\JPEGImages\000102.jpg</path>
	<source>
		<database>Unknown</database>
	</source>
	<size>
		<width>300</width>
		<height>450</height>
		<depth>3</depth>
	</size>
	<segmented>0</segmented>
	<object>
		<name>fire</name>
		<pose>Unspecified</pose>
		<truncated>0</truncated>
		<difficult>0</difficult>
		<bndbox>
			<xmin>180</xmin>
			<ymin>244</ymin>
			<xmax>272</xmax>
			<ymax>340</ymax>
		</bndbox>
	</object>
</annotation>
