<annotation>
	<folder>JPEGImages</folder>
	<filename>000172.jpg</filename>
	<path>C:\VOCdevkit\VOC2007\JPEGImages\000172.jpg</path>
	<source>
		<database>Unknown</database>
	</source>
	<size>
		<width>537</width>
		<height>396</height>
		<depth>3</depth>
	</size>
	<segmented>0</segmented>
	<object>
		<name>fire</name>
		<pose>Unspecified</pose>
		<truncated>0</truncated>
		<difficult>0</difficult>
		<bndbox>
			<xmin>250</xmin>
			<ymin>237</ymin>
			<xmax>321</xmax>
			<ymax>269</ymax>
		</bndbox>
	</object>
</annotation>
