<annotation>
	<folder>JPEGImages</folder>
	<filename>000156.jpg</filename>
	<path>C:\VOCdevkit\VOC2007\JPEGImages\000156.jpg</path>
	<source>
		<database>Unknown</database>
	</source>
	<size>
		<width>314</width>
		<height>228</height>
		<depth>3</depth>
	</size>
	<segmented>0</segmented>
	<object>
		<name>fire</name>
		<pose>Unspecified</pose>
		<truncated>0</truncated>
		<difficult>0</difficult>
		<bndbox>
			<xmin>60</xmin>
			<ymin>144</ymin>
			<xmax>160</xmax>
			<ymax>226</ymax>
		</bndbox>
	</object>
</annotation>
