<annotation>
	<folder>JPEGImages</folder>
	<filename>000157.jpg</filename>
	<path>C:\VOCdevkit\VOC2007\JPEGImages\000157.jpg</path>
	<source>
		<database>Unknown</database>
	</source>
	<size>
		<width>900</width>
		<height>600</height>
		<depth>3</depth>
	</size>
	<segmented>0</segmented>
	<object>
		<name>fire</name>
		<pose>Unspecified</pose>
		<truncated>0</truncated>
		<difficult>0</difficult>
		<bndbox>
			<xmin>408</xmin>
			<ymin>257</ymin>
			<xmax>563</xmax>
			<ymax>401</ymax>
		</bndbox>
	</object>
</annotation>
