<annotation>
	<folder>JPEGImages</folder>
	<filename>000142.jpg</filename>
	<path>C:\VOCdevkit\VOC2007\JPEGImages\000142.jpg</path>
	<source>
		<database>Unknown</database>
	</source>
	<size>
		<width>277</width>
		<height>182</height>
		<depth>3</depth>
	</size>
	<segmented>0</segmented>
	<object>
		<name>fire</name>
		<pose>Unspecified</pose>
		<truncated>0</truncated>
		<difficult>0</difficult>
		<bndbox>
			<xmin>98</xmin>
			<ymin>77</ymin>
			<xmax>172</xmax>
			<ymax>117</ymax>
		</bndbox>
	</object>
</annotation>
