<annotation>
	<folder>JPEGImages</folder>
	<filename>000137.jpg</filename>
	<path>C:\VOCdevkit\VOC2007\JPEGImages\000137.jpg</path>
	<source>
		<database>Unknown</database>
	</source>
	<size>
		<width>313</width>
		<height>161</height>
		<depth>3</depth>
	</size>
	<segmented>0</segmented>
	<object>
		<name>fire</name>
		<pose>Unspecified</pose>
		<truncated>0</truncated>
		<difficult>0</difficult>
		<bndbox>
			<xmin>194</xmin>
			<ymin>50</ymin>
			<xmax>263</xmax>
			<ymax>92</ymax>
		</bndbox>
	</object>
</annotation>
