<annotation>
	<folder>JPEGImages</folder>
	<filename>000127.jpg</filename>
	<path>C:\VOCdevkit\VOC2007\JPEGImages\000127.jpg</path>
	<source>
		<database>Unknown</database>
	</source>
	<size>
		<width>800</width>
		<height>536</height>
		<depth>3</depth>
	</size>
	<segmented>0</segmented>
	<object>
		<name>fire</name>
		<pose>Unspecified</pose>
		<truncated>0</truncated>
		<difficult>0</difficult>
		<bndbox>
			<xmin>473</xmin>
			<ymin>65</ymin>
			<xmax>621</xmax>
			<ymax>221</ymax>
		</bndbox>
	</object>
</annotation>
