<annotation>
	<folder>JPEGImages</folder>
	<filename>000186.jpg</filename>
	<path>C:\VOCdevkit\VOC2007\JPEGImages\000186.jpg</path>
	<source>
		<database>Unknown</database>
	</source>
	<size>
		<width>2048</width>
		<height>1536</height>
		<depth>3</depth>
	</size>
	<segmented>0</segmented>
	<object>
		<name>fire</name>
		<pose>Unspecified</pose>
		<truncated>0</truncated>
		<difficult>0</difficult>
		<bndbox>
			<xmin>72</xmin>
			<ymin>397</ymin>
			<xmax>467</xmax>
			<ymax>835</ymax>
		</bndbox>
	</object>
</annotation>
