<annotation>
	<folder>JPEGImages</folder>
	<filename>000190.jpg</filename>
	<path>C:\VOCdevkit\VOC2007\JPEGImages\000190.jpg</path>
	<source>
		<database>Unknown</database>
	</source>
	<size>
		<width>534</width>
		<height>348</height>
		<depth>3</depth>
	</size>
	<segmented>0</segmented>
	<object>
		<name>fire</name>
		<pose>Unspecified</pose>
		<truncated>0</truncated>
		<difficult>0</difficult>
		<bndbox>
			<xmin>287</xmin>
			<ymin>85</ymin>
			<xmax>412</xmax>
			<ymax>141</ymax>
		</bndbox>
	</object>
</annotation>
