<annotation>
	<folder>JPEGImages</folder>
	<filename>000193.jpg</filename>
	<path>C:\VOCdevkit\VOC2007\JPEGImages\000193.jpg</path>
	<source>
		<database>Unknown</database>
	</source>
	<size>
		<width>600</width>
		<height>800</height>
		<depth>3</depth>
	</size>
	<segmented>0</segmented>
	<object>
		<name>fire</name>
		<pose>Unspecified</pose>
		<truncated>0</truncated>
		<difficult>0</difficult>
		<bndbox>
			<xmin>106</xmin>
			<ymin>47</ymin>
			<xmax>406</xmax>
			<ymax>442</ymax>
		</bndbox>
	</object>
</annotation>
