<annotation>
	<folder>JPEGImages</folder>
	<filename>000165.jpg</filename>
	<path>C:\VOCdevkit\VOC2007\JPEGImages\000165.jpg</path>
	<source>
		<database>Unknown</database>
	</source>
	<size>
		<width>640</width>
		<height>360</height>
		<depth>3</depth>
	</size>
	<segmented>0</segmented>
	<object>
		<name>fire</name>
		<pose>Unspecified</pose>
		<truncated>0</truncated>
		<difficult>0</difficult>
		<bndbox>
			<xmin>101</xmin>
			<ymin>124</ymin>
			<xmax>231</xmax>
			<ymax>229</ymax>
		</bndbox>
	</object>
	<object>
		<name>fire</name>
		<pose>Unspecified</pose>
		<truncated>0</truncated>
		<difficult>0</difficult>
		<bndbox>
			<xmin>201</xmin>
			<ymin>259</ymin>
			<xmax>279</xmax>
			<ymax>318</ymax>
		</bndbox>
	</object>
</annotation>
