<annotation>
	<folder>JPEGImages</folder>
	<filename>000192.jpg</filename>
	<path>C:\VOCdevkit\VOC2007\JPEGImages\000192.jpg</path>
	<source>
		<database>Unknown</database>
	</source>
	<size>
		<width>500</width>
		<height>281</height>
		<depth>3</depth>
	</size>
	<segmented>0</segmented>
	<object>
		<name>fire</name>
		<pose>Unspecified</pose>
		<truncated>1</truncated>
		<difficult>0</difficult>
		<bndbox>
			<xmin>99</xmin>
			<ymin>1</ymin>
			<xmax>205</xmax>
			<ymax>169</ymax>
		</bndbox>
	</object>
</annotation>
