<annotation>
	<folder>JPEGImages</folder>
	<filename>000126.jpg</filename>
	<path>C:\VOCdevkit\VOC2007\JPEGImages\000126.jpg</path>
	<source>
		<database>Unknown</database>
	</source>
	<size>
		<width>2256</width>
		<height>1496</height>
		<depth>3</depth>
	</size>
	<segmented>0</segmented>
	<object>
		<name>fire</name>
		<pose>Unspecified</pose>
		<truncated>0</truncated>
		<difficult>0</difficult>
		<bndbox>
			<xmin>816</xmin>
			<ymin>96</ymin>
			<xmax>1236</xmax>
			<ymax>783</ymax>
		</bndbox>
	</object>
</annotation>
