<annotation>
	<folder>JPEGImages</folder>
	<filename>000135.jpg</filename>
	<path>C:\VOCdevkit\VOC2007\JPEGImages\000135.jpg</path>
	<source>
		<database>Unknown</database>
	</source>
	<size>
		<width>640</width>
		<height>480</height>
		<depth>3</depth>
	</size>
	<segmented>0</segmented>
	<object>
		<name>fire</name>
		<pose>Unspecified</pose>
		<truncated>0</truncated>
		<difficult>0</difficult>
		<bndbox>
			<xmin>3</xmin>
			<ymin>163</ymin>
			<xmax>232</xmax>
			<ymax>292</ymax>
		</bndbox>
	</object>
	<object>
		<name>fire</name>
		<pose>Unspecified</pose>
		<truncated>0</truncated>
		<difficult>0</difficult>
		<bndbox>
			<xmin>272</xmin>
			<ymin>237</ymin>
			<xmax>498</xmax>
			<ymax>346</ymax>
		</bndbox>
	</object>
</annotation>
