<annotation>
	<folder>JPEGImages</folder>
	<filename>000167.jpg</filename>
	<path>C:\VOCdevkit\VOC2007\JPEGImages\000167.jpg</path>
	<source>
		<database>Unknown</database>
	</source>
	<size>
		<width>500</width>
		<height>375</height>
		<depth>3</depth>
	</size>
	<segmented>0</segmented>
	<object>
		<name>fire</name>
		<pose>Unspecified</pose>
		<truncated>0</truncated>
		<difficult>0</difficult>
		<bndbox>
			<xmin>119</xmin>
			<ymin>59</ymin>
			<xmax>495</xmax>
			<ymax>316</ymax>
		</bndbox>
	</object>
</annotation>
