<annotation>
	<folder>JPEGImages</folder>
	<filename>000148.jpg</filename>
	<path>C:\VOCdevkit\VOC2007\JPEGImages\000148.jpg</path>
	<source>
		<database>Unknown</database>
	</source>
	<size>
		<width>264</width>
		<height>191</height>
		<depth>3</depth>
	</size>
	<segmented>0</segmented>
	<object>
		<name>fire</name>
		<pose>Unspecified</pose>
		<truncated>0</truncated>
		<difficult>0</difficult>
		<bndbox>
			<xmin>139</xmin>
			<ymin>35</ymin>
			<xmax>185</xmax>
			<ymax>122</ymax>
		</bndbox>
	</object>
</annotation>
