<annotation>
	<folder>JPEGImages</folder>
	<filename>000139.jpg</filename>
	<path>C:\VOCdevkit\VOC2007\JPEGImages\000139.jpg</path>
	<source>
		<database>Unknown</database>
	</source>
	<size>
		<width>318</width>
		<height>159</height>
		<depth>3</depth>
	</size>
	<segmented>0</segmented>
	<object>
		<name>fire</name>
		<pose>Unspecified</pose>
		<truncated>0</truncated>
		<difficult>0</difficult>
		<bndbox>
			<xmin>118</xmin>
			<ymin>34</ymin>
			<xmax>191</xmax>
			<ymax>149</ymax>
		</bndbox>
	</object>
</annotation>
