<annotation>
	<folder>JPEGImages</folder>
	<filename>000122.jpg</filename>
	<path>C:\VOCdevkit\VOC2007\JPEGImages\000122.jpg</path>
	<source>
		<database>Unknown</database>
	</source>
	<size>
		<width>550</width>
		<height>365</height>
		<depth>3</depth>
	</size>
	<segmented>0</segmented>
	<object>
		<name>fire</name>
		<pose>Unspecified</pose>
		<truncated>0</truncated>
		<difficult>0</difficult>
		<bndbox>
			<xmin>317</xmin>
			<ymin>167</ymin>
			<xmax>549</xmax>
			<ymax>280</ymax>
		</bndbox>
	</object>
</annotation>
