<annotation>
	<folder>JPEGImages</folder>
	<filename>000177.jpg</filename>
	<path>C:\VOCdevkit\VOC2007\JPEGImages\000177.jpg</path>
	<source>
		<database>Unknown</database>
	</source>
	<size>
		<width>1000</width>
		<height>932</height>
		<depth>3</depth>
	</size>
	<segmented>0</segmented>
	<object>
		<name>fire</name>
		<pose>Unspecified</pose>
		<truncated>1</truncated>
		<difficult>0</difficult>
		<bndbox>
			<xmin>366</xmin>
			<ymin>1</ymin>
			<xmax>788</xmax>
			<ymax>867</ymax>
		</bndbox>
	</object>
</annotation>
