<annotation>
	<folder>JPEGImages</folder>
	<filename>000182.jpg</filename>
	<path>C:\VOCdevkit\VOC2007\JPEGImages\000182.jpg</path>
	<source>
		<database>Unknown</database>
	</source>
	<size>
		<width>598</width>
		<height>369</height>
		<depth>3</depth>
	</size>
	<segmented>0</segmented>
	<object>
		<name>fire</name>
		<pose>Unspecified</pose>
		<truncated>0</truncated>
		<difficult>0</difficult>
		<bndbox>
			<xmin>502</xmin>
			<ymin>182</ymin>
			<xmax>595</xmax>
			<ymax>237</ymax>
		</bndbox>
	</object>
	<object>
		<name>fire</name>
		<pose>Unspecified</pose>
		<truncated>0</truncated>
		<difficult>0</difficult>
		<bndbox>
			<xmin>418</xmin>
			<ymin>112</ymin>
			<xmax>455</xmax>
			<ymax>169</ymax>
		</bndbox>
	</object>
</annotation>
