<annotation>
	<folder>JPEGImages</folder>
	<filename>000175.jpg</filename>
	<path>C:\VOCdevkit\VOC2007\JPEGImages\000175.jpg</path>
	<source>
		<database>Unknown</database>
	</source>
	<size>
		<width>310</width>
		<height>452</height>
		<depth>3</depth>
	</size>
	<segmented>0</segmented>
	<object>
		<name>fire</name>
		<pose>Unspecified</pose>
		<truncated>0</truncated>
		<difficult>0</difficult>
		<bndbox>
			<xmin>170</xmin>
			<ymin>172</ymin>
			<xmax>209</xmax>
			<ymax>292</ymax>
		</bndbox>
	</object>
</annotation>
