<annotation>
	<folder>JPEGImages</folder>
	<filename>000112.jpg</filename>
	<path>C:\VOCdevkit\VOC2007\JPEGImages\000112.jpg</path>
	<source>
		<database>Unknown</database>
	</source>
	<size>
		<width>600</width>
		<height>399</height>
		<depth>3</depth>
	</size>
	<segmented>0</segmented>
	<object>
		<name>fire</name>
		<pose>Unspecified</pose>
		<truncated>0</truncated>
		<difficult>0</difficult>
		<bndbox>
			<xmin>373</xmin>
			<ymin>118</ymin>
			<xmax>504</xmax>
			<ymax>297</ymax>
		</bndbox>
	</object>
</annotation>
