<annotation>
	<folder>JPEGImages</folder>
	<filename>000199.jpg</filename>
	<path>C:\VOCdevkit\VOC2007\JPEGImages\000199.jpg</path>
	<source>
		<database>Unknown</database>
	</source>
	<size>
		<width>500</width>
		<height>300</height>
		<depth>3</depth>
	</size>
	<segmented>0</segmented>
	<object>
		<name>fire</name>
		<pose>Unspecified</pose>
		<truncated>0</truncated>
		<difficult>0</difficult>
		<bndbox>
			<xmin>177</xmin>
			<ymin>29</ymin>
			<xmax>238</xmax>
			<ymax>221</ymax>
		</bndbox>
	</object>
</annotation>
