<annotation>
	<folder>JPEGImages</folder>
	<filename>000114.jpg</filename>
	<path>C:\VOCdevkit\VOC2007\JPEGImages\000114.jpg</path>
	<source>
		<database>Unknown</database>
	</source>
	<size>
		<width>550</width>
		<height>413</height>
		<depth>3</depth>
	</size>
	<segmented>0</segmented>
	<object>
		<name>fire</name>
		<pose>Unspecified</pose>
		<truncated>0</truncated>
		<difficult>0</difficult>
		<bndbox>
			<xmin>316</xmin>
			<ymin>215</ymin>
			<xmax>382</xmax>
			<ymax>265</ymax>
		</bndbox>
	</object>
</annotation>
