<annotation>
	<folder>JPEGImages</folder>
	<filename>000124.jpg</filename>
	<path>C:\VOCdevkit\VOC2007\JPEGImages\000124.jpg</path>
	<source>
		<database>Unknown</database>
	</source>
	<size>
		<width>540</width>
		<height>359</height>
		<depth>3</depth>
	</size>
	<segmented>0</segmented>
	<object>
		<name>fire</name>
		<pose>Unspecified</pose>
		<truncated>0</truncated>
		<difficult>0</difficult>
		<bndbox>
			<xmin>351</xmin>
			<ymin>14</ymin>
			<xmax>493</xmax>
			<ymax>135</ymax>
		</bndbox>
	</object>
</annotation>
