<annotation>
	<folder>JPEGImages</folder>
	<filename>000129.jpg</filename>
	<path>C:\VOCdevkit\VOC2007\JPEGImages\000129.jpg</path>
	<source>
		<database>Unknown</database>
	</source>
	<size>
		<width>300</width>
		<height>225</height>
		<depth>3</depth>
	</size>
	<segmented>0</segmented>
	<object>
		<name>fire</name>
		<pose>Unspecified</pose>
		<truncated>0</truncated>
		<difficult>0</difficult>
		<bndbox>
			<xmin>27</xmin>
			<ymin>52</ymin>
			<xmax>110</xmax>
			<ymax>115</ymax>
		</bndbox>
	</object>
</annotation>
