<annotation>
	<folder>JPEGImages</folder>
	<filename>000181.jpg</filename>
	<path>C:\VOCdevkit\VOC2007\JPEGImages\000181.jpg</path>
	<source>
		<database>Unknown</database>
	</source>
	<size>
		<width>640</width>
		<height>360</height>
		<depth>3</depth>
	</size>
	<segmented>0</segmented>
	<object>
		<name>fire</name>
		<pose>Unspecified</pose>
		<truncated>0</truncated>
		<difficult>0</difficult>
		<bndbox>
			<xmin>115</xmin>
			<ymin>171</ymin>
			<xmax>322</xmax>
			<ymax>269</ymax>
		</bndbox>
	</object>
	<object>
		<name>fire</name>
		<pose>Unspecified</pose>
		<truncated>0</truncated>
		<difficult>0</difficult>
		<bndbox>
			<xmin>352</xmin>
			<ymin>74</ymin>
			<xmax>558</xmax>
			<ymax>314</ymax>
		</bndbox>
	</object>
</annotation>
