<annotation>
	<folder>JPEGImages</folder>
	<filename>000180.jpg</filename>
	<path>C:\VOCdevkit\VOC2007\JPEGImages\000180.jpg</path>
	<source>
		<database>Unknown</database>
	</source>
	<size>
		<width>600</width>
		<height>457</height>
		<depth>3</depth>
	</size>
	<segmented>0</segmented>
	<object>
		<name>fire</name>
		<pose>Unspecified</pose>
		<truncated>0</truncated>
		<difficult>0</difficult>
		<bndbox>
			<xmin>175</xmin>
			<ymin>85</ymin>
			<xmax>294</xmax>
			<ymax>244</ymax>
		</bndbox>
	</object>
</annotation>
