<annotation>
	<folder>JPEGImages</folder>
	<filename>000166.jpg</filename>
	<path>C:\VOCdevkit\VOC2007\JPEGImages\000166.jpg</path>
	<source>
		<database>Unknown</database>
	</source>
	<size>
		<width>900</width>
		<height>638</height>
		<depth>3</depth>
	</size>
	<segmented>0</segmented>
	<object>
		<name>fire</name>
		<pose>Unspecified</pose>
		<truncated>1</truncated>
		<difficult>0</difficult>
		<bndbox>
			<xmin>465</xmin>
			<ymin>1</ymin>
			<xmax>668</xmax>
			<ymax>311</ymax>
		</bndbox>
	</object>
	<object>
		<name>fire</name>
		<pose>Unspecified</pose>
		<truncated>0</truncated>
		<difficult>0</difficult>
		<bndbox>
			<xmin>660</xmin>
			<ymin>175</ymin>
			<xmax>765</xmax>
			<ymax>288</ymax>
		</bndbox>
	</object>
</annotation>
