<annotation>
	<folder>JPEGImages</folder>
	<filename>000149.jpg</filename>
	<path>C:\VOCdevkit\VOC2007\JPEGImages\000149.jpg</path>
	<source>
		<database>Unknown</database>
	</source>
	<size>
		<width>280</width>
		<height>180</height>
		<depth>3</depth>
	</size>
	<segmented>0</segmented>
	<object>
		<name>fire</name>
		<pose>Unspecified</pose>
		<truncated>1</truncated>
		<difficult>0</difficult>
		<bndbox>
			<xmin>1</xmin>
			<ymin>76</ymin>
			<xmax>61</xmax>
			<ymax>164</ymax>
		</bndbox>
	</object>
</annotation>
