<annotation>
	<folder>JPEGImages</folder>
	<filename>000183.jpg</filename>
	<path>C:\VOCdevkit\VOC2007\JPEGImages\000183.jpg</path>
	<source>
		<database>Unknown</database>
	</source>
	<size>
		<width>640</width>
		<height>427</height>
		<depth>3</depth>
	</size>
	<segmented>0</segmented>
	<object>
		<name>fire</name>
		<pose>Unspecified</pose>
		<truncated>0</truncated>
		<difficult>0</difficult>
		<bndbox>
			<xmin>89</xmin>
			<ymin>63</ymin>
			<xmax>512</xmax>
			<ymax>350</ymax>
		</bndbox>
	</object>
</annotation>
