<annotation>
	<folder>JPEGImages</folder>
	<filename>000136.jpg</filename>
	<path>C:\VOCdevkit\VOC2007\JPEGImages\000136.jpg</path>
	<source>
		<database>Unknown</database>
	</source>
	<size>
		<width>265</width>
		<height>190</height>
		<depth>3</depth>
	</size>
	<segmented>0</segmented>
	<object>
		<name>fire</name>
		<pose>Unspecified</pose>
		<truncated>0</truncated>
		<difficult>0</difficult>
		<bndbox>
			<xmin>137</xmin>
			<ymin>69</ymin>
			<xmax>231</xmax>
			<ymax>148</ymax>
		</bndbox>
	</object>
</annotation>
