<annotation>
	<folder>JPEGImages</folder>
	<filename>000120.jpg</filename>
	<path>C:\VOCdevkit\VOC2007\JPEGImages\000120.jpg</path>
	<source>
		<database>Unknown</database>
	</source>
	<size>
		<width>409</width>
		<height>263</height>
		<depth>3</depth>
	</size>
	<segmented>0</segmented>
	<object>
		<name>fire</name>
		<pose>Unspecified</pose>
		<truncated>0</truncated>
		<difficult>0</difficult>
		<bndbox>
			<xmin>129</xmin>
			<ymin>147</ymin>
			<xmax>171</xmax>
			<ymax>197</ymax>
		</bndbox>
	</object>
</annotation>
