<annotation>
	<folder>JPEGImages</folder>
	<filename>000134.jpg</filename>
	<path>C:\VOCdevkit\VOC2007\JPEGImages\000134.jpg</path>
	<source>
		<database>Unknown</database>
	</source>
	<size>
		<width>276</width>
		<height>183</height>
		<depth>3</depth>
	</size>
	<segmented>0</segmented>
	<object>
		<name>fire</name>
		<pose>Unspecified</pose>
		<truncated>0</truncated>
		<difficult>0</difficult>
		<bndbox>
			<xmin>47</xmin>
			<ymin>50</ymin>
			<xmax>74</xmax>
			<ymax>120</ymax>
		</bndbox>
	</object>
</annotation>
