<annotation>
	<folder>JPEGImages</folder>
	<filename>000151.jpg</filename>
	<path>C:\VOCdevkit\VOC2007\JPEGImages\000151.jpg</path>
	<source>
		<database>Unknown</database>
	</source>
	<size>
		<width>400</width>
		<height>238</height>
		<depth>3</depth>
	</size>
	<segmented>0</segmented>
	<object>
		<name>fire</name>
		<pose>Unspecified</pose>
		<truncated>0</truncated>
		<difficult>0</difficult>
		<bndbox>
			<xmin>25</xmin>
			<ymin>60</ymin>
			<xmax>110</xmax>
			<ymax>203</ymax>
		</bndbox>
	</object>
</annotation>
