<annotation>
	<folder>JPEGImages</folder>
	<filename>000141.jpg</filename>
	<path>C:\VOCdevkit\VOC2007\JPEGImages\000141.jpg</path>
	<source>
		<database>Unknown</database>
	</source>
	<size>
		<width>275</width>
		<height>183</height>
		<depth>3</depth>
	</size>
	<segmented>0</segmented>
	<object>
		<name>fire</name>
		<pose>Unspecified</pose>
		<truncated>0</truncated>
		<difficult>0</difficult>
		<bndbox>
			<xmin>92</xmin>
			<ymin>41</ymin>
			<xmax>192</xmax>
			<ymax>160</ymax>
		</bndbox>
	</object>
</annotation>
