<annotation>
	<folder>JPEGImages</folder>
	<filename>000174.jpg</filename>
	<path>C:\VOCdevkit\VOC2007\JPEGImages\000174.jpg</path>
	<source>
		<database>Unknown</database>
	</source>
	<size>
		<width>936</width>
		<height>623</height>
		<depth>3</depth>
	</size>
	<segmented>0</segmented>
	<object>
		<name>fire</name>
		<pose>Unspecified</pose>
		<truncated>0</truncated>
		<difficult>0</difficult>
		<bndbox>
			<xmin>260</xmin>
			<ymin>58</ymin>
			<xmax>645</xmax>
			<ymax>368</ymax>
		</bndbox>
	</object>
</annotation>
