<annotation>
	<folder>JPEGImages</folder>
	<filename>000110.jpg</filename>
	<path>C:\VOCdevkit\VOC2007\JPEGImages\000110.jpg</path>
	<source>
		<database>Unknown</database>
	</source>
	<size>
		<width>413</width>
		<height>447</height>
		<depth>3</depth>
	</size>
	<segmented>0</segmented>
	<object>
		<name>fire</name>
		<pose>Unspecified</pose>
		<truncated>0</truncated>
		<difficult>0</difficult>
		<bndbox>
			<xmin>57</xmin>
			<ymin>295</ymin>
			<xmax>143</xmax>
			<ymax>361</ymax>
		</bndbox>
	</object>
	<object>
		<name>fire</name>
		<pose>Unspecified</pose>
		<truncated>0</truncated>
		<difficult>0</difficult>
		<bndbox>
			<xmin>181</xmin>
			<ymin>303</ymin>
			<xmax>272</xmax>
			<ymax>414</ymax>
		</bndbox>
	</object>
	<object>
		<name>fire</name>
		<pose>Unspecified</pose>
		<truncated>0</truncated>
		<difficult>0</difficult>
		<bndbox>
			<xmin>311</xmin>
			<ymin>330</ymin>
			<xmax>362</xmax>
			<ymax>405</ymax>
		</bndbox>
	</object>
</annotation>
