<annotation>
	<folder>JPEGImages</folder>
	<filename>000176.jpg</filename>
	<path>C:\VOCdevkit\VOC2007\JPEGImages\000176.jpg</path>
	<source>
		<database>Unknown</database>
	</source>
	<size>
		<width>770</width>
		<height>433</height>
		<depth>3</depth>
	</size>
	<segmented>0</segmented>
	<object>
		<name>fire</name>
		<pose>Unspecified</pose>
		<truncated>0</truncated>
		<difficult>0</difficult>
		<bndbox>
			<xmin>362</xmin>
			<ymin>196</ymin>
			<xmax>469</xmax>
			<ymax>311</ymax>
		</bndbox>
	</object>
</annotation>
