<annotation>
	<folder>JPEGImages</folder>
	<filename>000185.jpg</filename>
	<path>C:\VOCdevkit\VOC2007\JPEGImages\000185.jpg</path>
	<source>
		<database>Unknown</database>
	</source>
	<size>
		<width>1280</width>
		<height>960</height>
		<depth>3</depth>
	</size>
	<segmented>0</segmented>
	<object>
		<name>fire</name>
		<pose>Unspecified</pose>
		<truncated>0</truncated>
		<difficult>0</difficult>
		<bndbox>
			<xmin>497</xmin>
			<ymin>250</ymin>
			<xmax>1014</xmax>
			<ymax>536</ymax>
		</bndbox>
	</object>
</annotation>
