<annotation>
	<folder>JPEGImages</folder>
	<filename>000116.jpg</filename>
	<path>C:\VOCdevkit\VOC2007\JPEGImages\000116.jpg</path>
	<source>
		<database>Unknown</database>
	</source>
	<size>
		<width>940</width>
		<height>627</height>
		<depth>3</depth>
	</size>
	<segmented>0</segmented>
	<object>
		<name>fire</name>
		<pose>Unspecified</pose>
		<truncated>1</truncated>
		<difficult>0</difficult>
		<bndbox>
			<xmin>1</xmin>
			<ymin>150</ymin>
			<xmax>353</xmax>
			<ymax>380</ymax>
		</bndbox>
	</object>
</annotation>
