<annotation>
	<folder>JPEGImages</folder>
	<filename>000138.jpg</filename>
	<path>C:\VOCdevkit\VOC2007\JPEGImages\000138.jpg</path>
	<source>
		<database>Unknown</database>
	</source>
	<size>
		<width>275</width>
		<height>183</height>
		<depth>3</depth>
	</size>
	<segmented>0</segmented>
	<object>
		<name>fire</name>
		<pose>Unspecified</pose>
		<truncated>0</truncated>
		<difficult>0</difficult>
		<bndbox>
			<xmin>137</xmin>
			<ymin>78</ymin>
			<xmax>220</xmax>
			<ymax>159</ymax>
		</bndbox>
	</object>
</annotation>
