<annotation>
	<folder>JPEGImages</folder>
	<filename>000140.jpg</filename>
	<path>C:\VOCdevkit\VOC2007\JPEGImages\000140.jpg</path>
	<source>
		<database>Unknown</database>
	</source>
	<size>
		<width>259</width>
		<height>195</height>
		<depth>3</depth>
	</size>
	<segmented>0</segmented>
	<object>
		<name>fire</name>
		<pose>Unspecified</pose>
		<truncated>0</truncated>
		<difficult>0</difficult>
		<bndbox>
			<xmin>76</xmin>
			<ymin>87</ymin>
			<xmax>109</xmax>
			<ymax>175</ymax>
		</bndbox>
	</object>
</annotation>
