<annotation>
	<folder>JPEGImages</folder>
	<filename>000189.jpg</filename>
	<path>C:\VOCdevkit\VOC2007\JPEGImages\000189.jpg</path>
	<source>
		<database>Unknown</database>
	</source>
	<size>
		<width>1000</width>
		<height>631</height>
		<depth>3</depth>
	</size>
	<segmented>0</segmented>
	<object>
		<name>fire</name>
		<pose>Unspecified</pose>
		<truncated>0</truncated>
		<difficult>0</difficult>
		<bndbox>
			<xmin>163</xmin>
			<ymin>4</ymin>
			<xmax>833</xmax>
			<ymax>468</ymax>
		</bndbox>
	</object>
</annotation>
