<annotation>
	<folder>JPEGImages</folder>
	<filename>000196.jpg</filename>
	<path>C:\VOCdevkit\VOC2007\JPEGImages\000196.jpg</path>
	<source>
		<database>Unknown</database>
	</source>
	<size>
		<width>333</width>
		<height>500</height>
		<depth>3</depth>
	</size>
	<segmented>0</segmented>
	<object>
		<name>fire</name>
		<pose>Unspecified</pose>
		<truncated>0</truncated>
		<difficult>0</difficult>
		<bndbox>
			<xmin>59</xmin>
			<ymin>117</ymin>
			<xmax>262</xmax>
			<ymax>360</ymax>
		</bndbox>
	</object>
</annotation>
