<annotation>
	<folder>JPEGImages</folder>
	<filename>000121.jpg</filename>
	<path>C:\VOCdevkit\VOC2007\JPEGImages\000121.jpg</path>
	<source>
		<database>Unknown</database>
	</source>
	<size>
		<width>690</width>
		<height>517</height>
		<depth>3</depth>
	</size>
	<segmented>0</segmented>
	<object>
		<name>fire</name>
		<pose>Unspecified</pose>
		<truncated>0</truncated>
		<difficult>0</difficult>
		<bndbox>
			<xmin>147</xmin>
			<ymin>247</ymin>
			<xmax>277</xmax>
			<ymax>329</ymax>
		</bndbox>
	</object>
</annotation>
