<annotation>
	<folder>JPEGImages</folder>
	<filename>000147.jpg</filename>
	<path>C:\VOCdevkit\VOC2007\JPEGImages\000147.jpg</path>
	<source>
		<database>Unknown</database>
	</source>
	<size>
		<width>333</width>
		<height>500</height>
		<depth>3</depth>
	</size>
	<segmented>0</segmented>
	<object>
		<name>fire</name>
		<pose>Unspecified</pose>
		<truncated>0</truncated>
		<difficult>0</difficult>
		<bndbox>
			<xmin>193</xmin>
			<ymin>218</ymin>
			<xmax>294</xmax>
			<ymax>330</ymax>
		</bndbox>
	</object>
</annotation>
