<annotation>
	<folder>JPEGImages</folder>
	<filename>000150.jpg</filename>
	<path>C:\VOCdevkit\VOC2007\JPEGImages\000150.jpg</path>
	<source>
		<database>Unknown</database>
	</source>
	<size>
		<width>2500</width>
		<height>1504</height>
		<depth>3</depth>
	</size>
	<segmented>0</segmented>
	<object>
		<name>fire</name>
		<pose>Unspecified</pose>
		<truncated>0</truncated>
		<difficult>0</difficult>
		<bndbox>
			<xmin>1094</xmin>
			<ymin>362</ymin>
			<xmax>1719</xmax>
			<ymax>1012</ymax>
		</bndbox>
	</object>
</annotation>
