<annotation>
	<folder>JPEGImages</folder>
	<filename>000195.jpg</filename>
	<path>C:\VOCdevkit\VOC2007\JPEGImages\000195.jpg</path>
	<source>
		<database>Unknown</database>
	</source>
	<size>
		<width>960</width>
		<height>640</height>
		<depth>3</depth>
	</size>
	<segmented>0</segmented>
	<object>
		<name>fire</name>
		<pose>Unspecified</pose>
		<truncated>0</truncated>
		<difficult>0</difficult>
		<bndbox>
			<xmin>418</xmin>
			<ymin>148</ymin>
			<xmax>567</xmax>
			<ymax>467</ymax>
		</bndbox>
	</object>
</annotation>
