<annotation>
	<folder>JPEGImages</folder>
	<filename>000153.jpg</filename>
	<path>C:\VOCdevkit\VOC2007\JPEGImages\000153.jpg</path>
	<source>
		<database>Unknown</database>
	</source>
	<size>
		<width>1024</width>
		<height>682</height>
		<depth>3</depth>
	</size>
	<segmented>0</segmented>
	<object>
		<name>fire</name>
		<pose>Unspecified</pose>
		<truncated>0</truncated>
		<difficult>0</difficult>
		<bndbox>
			<xmin>492</xmin>
			<ymin>162</ymin>
			<xmax>727</xmax>
			<ymax>417</ymax>
		</bndbox>
	</object>
</annotation>
