<annotation>
	<folder>JPEGImages</folder>
	<filename>000178.jpg</filename>
	<path>C:\VOCdevkit\VOC2007\JPEGImages\000178.jpg</path>
	<source>
		<database>Unknown</database>
	</source>
	<size>
		<width>600</width>
		<height>399</height>
		<depth>3</depth>
	</size>
	<segmented>0</segmented>
	<object>
		<name>fire</name>
		<pose>Unspecified</pose>
		<truncated>0</truncated>
		<difficult>0</difficult>
		<bndbox>
			<xmin>469</xmin>
			<ymin>13</ymin>
			<xmax>546</xmax>
			<ymax>166</ymax>
		</bndbox>
	</object>
</annotation>
