<annotation>
	<folder>JPEGImages</folder>
	<filename>000105.jpg</filename>
	<path>C:\VOCdevkit\VOC2007\JPEGImages\000105.jpg</path>
	<source>
		<database>Unknown</database>
	</source>
	<size>
		<width>4288</width>
		<height>2848</height>
		<depth>3</depth>
	</size>
	<segmented>0</segmented>
	<object>
		<name>fire</name>
		<pose>Unspecified</pose>
		<truncated>0</truncated>
		<difficult>0</difficult>
		<bndbox>
			<xmin>1759</xmin>
			<ymin>1043</ymin>
			<xmax>2172</xmax>
			<ymax>1574</ymax>
		</bndbox>
	</object>
</annotation>
