<annotation>
	<folder>JPEGImages</folder>
	<filename>000288.jpg</filename>
	<path>C:\VOCdevkit\VOC2007\JPEGImages\000288.jpg</path>
	<source>
		<database>Unknown</database>
	</source>
	<size>
		<width>342</width>
		<height>227</height>
		<depth>3</depth>
	</size>
	<segmented>0</segmented>
	<object>
		<name>fire</name>
		<pose>Unspecified</pose>
		<truncated>0</truncated>
		<difficult>0</difficult>
		<bndbox>
			<xmin>117</xmin>
			<ymin>52</ymin>
			<xmax>228</xmax>
			<ymax>167</ymax>
		</bndbox>
	</object>
</annotation>
