<annotation>
	<folder>JPEGImages</folder>
	<filename>000211.jpg</filename>
	<path>C:\VOCdevkit\VOC2007\JPEGImages\000211.jpg</path>
	<source>
		<database>Unknown</database>
	</source>
	<size>
		<width>640</width>
		<height>425</height>
		<depth>3</depth>
	</size>
	<segmented>0</segmented>
	<object>
		<name>fire</name>
		<pose>Unspecified</pose>
		<truncated>1</truncated>
		<difficult>0</difficult>
		<bndbox>
			<xmin>58</xmin>
			<ymin>1</ymin>
			<xmax>288</xmax>
			<ymax>191</ymax>
		</bndbox>
	</object>
	<object>
		<name>fire</name>
		<pose>Unspecified</pose>
		<truncated>0</truncated>
		<difficult>0</difficult>
		<bndbox>
			<xmin>426</xmin>
			<ymin>133</ymin>
			<xmax>562</xmax>
			<ymax>265</ymax>
		</bndbox>
	</object>
</annotation>
