<annotation>
	<folder>JPEGImages</folder>
	<filename>000220.jpg</filename>
	<path>C:\VOCdevkit\VOC2007\JPEGImages\000220.jpg</path>
	<source>
		<database>Unknown</database>
	</source>
	<size>
		<width>1632</width>
		<height>1224</height>
		<depth>3</depth>
	</size>
	<segmented>0</segmented>
	<object>
		<name>fire</name>
		<pose>Unspecified</pose>
		<truncated>0</truncated>
		<difficult>0</difficult>
		<bndbox>
			<xmin>555</xmin>
			<ymin>207</ymin>
			<xmax>1026</xmax>
			<ymax>736</ymax>
		</bndbox>
	</object>
</annotation>
