<annotation>
	<folder>JPEGImages</folder>
	<filename>000214.jpg</filename>
	<path>C:\VOCdevkit\VOC2007\JPEGImages\000214.jpg</path>
	<source>
		<database>Unknown</database>
	</source>
	<size>
		<width>720</width>
		<height>480</height>
		<depth>3</depth>
	</size>
	<segmented>0</segmented>
	<object>
		<name>fire</name>
		<pose>Unspecified</pose>
		<truncated>0</truncated>
		<difficult>0</difficult>
		<bndbox>
			<xmin>374</xmin>
			<ymin>73</ymin>
			<xmax>575</xmax>
			<ymax>335</ymax>
		</bndbox>
	</object>
</annotation>
