<annotation>
	<folder>JPEGImages</folder>
	<filename>000278.jpg</filename>
	<path>C:\VOCdevkit\VOC2007\JPEGImages\000278.jpg</path>
	<source>
		<database>Unknown</database>
	</source>
	<size>
		<width>500</width>
		<height>305</height>
		<depth>3</depth>
	</size>
	<segmented>0</segmented>
	<object>
		<name>fire</name>
		<pose>Unspecified</pose>
		<truncated>0</truncated>
		<difficult>0</difficult>
		<bndbox>
			<xmin>245</xmin>
			<ymin>36</ymin>
			<xmax>422</xmax>
			<ymax>145</ymax>
		</bndbox>
	</object>
</annotation>
