<annotation>
	<folder>JPEGImages</folder>
	<filename>000215.jpg</filename>
	<path>C:\VOCdevkit\VOC2007\JPEGImages\000215.jpg</path>
	<source>
		<database>Unknown</database>
	</source>
	<size>
		<width>1280</width>
		<height>720</height>
		<depth>3</depth>
	</size>
	<segmented>0</segmented>
	<object>
		<name>fire</name>
		<pose>Unspecified</pose>
		<truncated>0</truncated>
		<difficult>0</difficult>
		<bndbox>
			<xmin>421</xmin>
			<ymin>219</ymin>
			<xmax>686</xmax>
			<ymax>493</ymax>
		</bndbox>
	</object>
	<object>
		<name>fire</name>
		<pose>Unspecified</pose>
		<truncated>0</truncated>
		<difficult>0</difficult>
		<bndbox>
			<xmin>860</xmin>
			<ymin>360</ymin>
			<xmax>905</xmax>
			<ymax>416</ymax>
		</bndbox>
	</object>
</annotation>
