<annotation>
	<folder>JPEGImages</folder>
	<filename>000249.jpg</filename>
	<path>C:\VOCdevkit\VOC2007\JPEGImages\000249.jpg</path>
	<source>
		<database>Unknown</database>
	</source>
	<size>
		<width>2000</width>
		<height>1196</height>
		<depth>3</depth>
	</size>
	<segmented>0</segmented>
	<object>
		<name>fire</name>
		<pose>Unspecified</pose>
		<truncated>0</truncated>
		<difficult>0</difficult>
		<bndbox>
			<xmin>650</xmin>
			<ymin>427</ymin>
			<xmax>904</xmax>
			<ymax>657</ymax>
		</bndbox>
	</object>
</annotation>
