<annotation>
	<folder>JPEGImages</folder>
	<filename>000284.jpg</filename>
	<path>C:\VOCdevkit\VOC2007\JPEGImages\000284.jpg</path>
	<source>
		<database>Unknown</database>
	</source>
	<size>
		<width>500</width>
		<height>333</height>
		<depth>3</depth>
	</size>
	<segmented>0</segmented>
	<object>
		<name>fire</name>
		<pose>Unspecified</pose>
		<truncated>0</truncated>
		<difficult>0</difficult>
		<bndbox>
			<xmin>88</xmin>
			<ymin>155</ymin>
			<xmax>189</xmax>
			<ymax>218</ymax>
		</bndbox>
	</object>
</annotation>
