<annotation>
	<folder>JPEGImages</folder>
	<filename>000225.jpg</filename>
	<path>C:\VOCdevkit\VOC2007\JPEGImages\000225.jpg</path>
	<source>
		<database>Unknown</database>
	</source>
	<size>
		<width>630</width>
		<height>442</height>
		<depth>3</depth>
	</size>
	<segmented>0</segmented>
	<object>
		<name>fire</name>
		<pose>Unspecified</pose>
		<truncated>0</truncated>
		<difficult>0</difficult>
		<bndbox>
			<xmin>103</xmin>
			<ymin>6</ymin>
			<xmax>562</xmax>
			<ymax>394</ymax>
		</bndbox>
	</object>
</annotation>
