<annotation>
	<folder>JPEGImages</folder>
	<filename>000246.jpg</filename>
	<path>C:\VOCdevkit\VOC2007\JPEGImages\000246.jpg</path>
	<source>
		<database>Unknown</database>
	</source>
	<size>
		<width>316</width>
		<height>237</height>
		<depth>3</depth>
	</size>
	<segmented>0</segmented>
	<object>
		<name>fire</name>
		<pose>Unspecified</pose>
		<truncated>0</truncated>
		<difficult>0</difficult>
		<bndbox>
			<xmin>161</xmin>
			<ymin>56</ymin>
			<xmax>199</xmax>
			<ymax>111</ymax>
		</bndbox>
	</object>
</annotation>
