<annotation>
	<folder>JPEGImages</folder>
	<filename>000236.jpg</filename>
	<path>C:\VOCdevkit\VOC2007\JPEGImages\000236.jpg</path>
	<source>
		<database>Unknown</database>
	</source>
	<size>
		<width>1920</width>
		<height>1440</height>
		<depth>3</depth>
	</size>
	<segmented>0</segmented>
	<object>
		<name>fire</name>
		<pose>Unspecified</pose>
		<truncated>0</truncated>
		<difficult>0</difficult>
		<bndbox>
			<xmin>361</xmin>
			<ymin>769</ymin>
			<xmax>589</xmax>
			<ymax>1294</ymax>
		</bndbox>
	</object>
</annotation>
