<annotation>
	<folder>JPEGImages</folder>
	<filename>000208.jpg</filename>
	<path>C:\VOCdevkit\VOC2007\JPEGImages\000208.jpg</path>
	<source>
		<database>Unknown</database>
	</source>
	<size>
		<width>255</width>
		<height>197</height>
		<depth>3</depth>
	</size>
	<segmented>0</segmented>
	<object>
		<name>fire</name>
		<pose>Unspecified</pose>
		<truncated>0</truncated>
		<difficult>0</difficult>
		<bndbox>
			<xmin>109</xmin>
			<ymin>106</ymin>
			<xmax>168</xmax>
			<ymax>163</ymax>
		</bndbox>
	</object>
</annotation>
