<annotation>
	<folder>JPEGImages</folder>
	<filename>000219.jpg</filename>
	<path>C:\VOCdevkit\VOC2007\JPEGImages\000219.jpg</path>
	<source>
		<database>Unknown</database>
	</source>
	<size>
		<width>1050</width>
		<height>788</height>
		<depth>3</depth>
	</size>
	<segmented>0</segmented>
	<object>
		<name>fire</name>
		<pose>Unspecified</pose>
		<truncated>0</truncated>
		<difficult>0</difficult>
		<bndbox>
			<xmin>284</xmin>
			<ymin>441</ymin>
			<xmax>402</xmax>
			<ymax>510</ymax>
		</bndbox>
	</object>
	<object>
		<name>fire</name>
		<pose>Unspecified</pose>
		<truncated>0</truncated>
		<difficult>0</difficult>
		<bndbox>
			<xmin>435</xmin>
			<ymin>441</ymin>
			<xmax>522</xmax>
			<ymax>512</ymax>
		</bndbox>
	</object>
	<object>
		<name>fire</name>
		<pose>Unspecified</pose>
		<truncated>0</truncated>
		<difficult>0</difficult>
		<bndbox>
			<xmin>664</xmin>
			<ymin>416</ymin>
			<xmax>791</xmax>
			<ymax>550</ymax>
		</bndbox>
	</object>
</annotation>
