<annotation>
	<folder>JPEGImages</folder>
	<filename>000267.jpg</filename>
	<path>C:\VOCdevkit\VOC2007\JPEGImages\000267.jpg</path>
	<source>
		<database>Unknown</database>
	</source>
	<size>
		<width>550</width>
		<height>321</height>
		<depth>3</depth>
	</size>
	<segmented>0</segmented>
	<object>
		<name>fire</name>
		<pose>Unspecified</pose>
		<truncated>0</truncated>
		<difficult>0</difficult>
		<bndbox>
			<xmin>266</xmin>
			<ymin>125</ymin>
			<xmax>390</xmax>
			<ymax>281</ymax>
		</bndbox>
	</object>
</annotation>
