<annotation>
	<folder>JPEGImages</folder>
	<filename>000227.jpg</filename>
	<path>C:\VOCdevkit\VOC2007\JPEGImages\000227.jpg</path>
	<source>
		<database>Unknown</database>
	</source>
	<size>
		<width>690</width>
		<height>455</height>
		<depth>3</depth>
	</size>
	<segmented>0</segmented>
	<object>
		<name>fire</name>
		<pose>Unspecified</pose>
		<truncated>0</truncated>
		<difficult>0</difficult>
		<bndbox>
			<xmin>53</xmin>
			<ymin>42</ymin>
			<xmax>496</xmax>
			<ymax>318</ymax>
		</bndbox>
	</object>
</annotation>
