<annotation>
	<folder>JPEGImages</folder>
	<filename>000250.jpg</filename>
	<path>C:\VOCdevkit\VOC2007\JPEGImages\000250.jpg</path>
	<source>
		<database>Unknown</database>
	</source>
	<size>
		<width>770</width>
		<height>1026</height>
		<depth>3</depth>
	</size>
	<segmented>0</segmented>
	<object>
		<name>fire</name>
		<pose>Unspecified</pose>
		<truncated>0</truncated>
		<difficult>0</difficult>
		<bndbox>
			<xmin>180</xmin>
			<ymin>313</ymin>
			<xmax>318</xmax>
			<ymax>512</ymax>
		</bndbox>
	</object>
	<object>
		<name>fire</name>
		<pose>Unspecified</pose>
		<truncated>0</truncated>
		<difficult>0</difficult>
		<bndbox>
			<xmin>418</xmin>
			<ymin>325</ymin>
			<xmax>636</xmax>
			<ymax>481</ymax>
		</bndbox>
	</object>
	<object>
		<name>fire</name>
		<pose>Unspecified</pose>
		<truncated>0</truncated>
		<difficult>0</difficult>
		<bndbox>
			<xmin>457</xmin>
			<ymin>471</ymin>
			<xmax>520</xmax>
			<ymax>542</ymax>
		</bndbox>
	</object>
</annotation>
