<annotation>
	<folder>JPEGImages</folder>
	<filename>000239.jpg</filename>
	<path>C:\VOCdevkit\VOC2007\JPEGImages\000239.jpg</path>
	<source>
		<database>Unknown</database>
	</source>
	<size>
		<width>550</width>
		<height>410</height>
		<depth>3</depth>
	</size>
	<segmented>0</segmented>
	<object>
		<name>fire</name>
		<pose>Unspecified</pose>
		<truncated>0</truncated>
		<difficult>0</difficult>
		<bndbox>
			<xmin>56</xmin>
			<ymin>131</ymin>
			<xmax>143</xmax>
			<ymax>200</ymax>
		</bndbox>
	</object>
	<object>
		<name>fire</name>
		<pose>Unspecified</pose>
		<truncated>1</truncated>
		<difficult>0</difficult>
		<bndbox>
			<xmin>1</xmin>
			<ymin>82</ymin>
			<xmax>59</xmax>
			<ymax>196</ymax>
		</bndbox>
	</object>
</annotation>
