<annotation>
	<folder>JPEGImages</folder>
	<filename>000241.jpg</filename>
	<path>C:\VOCdevkit\VOC2007\JPEGImages\000241.jpg</path>
	<source>
		<database>Unknown</database>
	</source>
	<size>
		<width>1024</width>
		<height>768</height>
		<depth>3</depth>
	</size>
	<segmented>0</segmented>
	<object>
		<name>fire</name>
		<pose>Unspecified</pose>
		<truncated>0</truncated>
		<difficult>0</difficult>
		<bndbox>
			<xmin>165</xmin>
			<ymin>190</ymin>
			<xmax>493</xmax>
			<ymax>714</ymax>
		</bndbox>
	</object>
	<object>
		<name>fire</name>
		<pose>Unspecified</pose>
		<truncated>0</truncated>
		<difficult>0</difficult>
		<bndbox>
			<xmin>128</xmin>
			<ymin>237</ymin>
			<xmax>272</xmax>
			<ymax>529</ymax>
		</bndbox>
	</object>
	<object>
		<name>fire</name>
		<pose>Unspecified</pose>
		<truncated>0</truncated>
		<difficult>0</difficult>
		<bndbox>
			<xmin>783</xmin>
			<ymin>262</ymin>
			<xmax>915</xmax>
			<ymax>389</ymax>
		</bndbox>
	</object>
</annotation>
