<annotation>
	<folder>JPEGImages</folder>
	<filename>000245.jpg</filename>
	<path>C:\VOCdevkit\VOC2007\JPEGImages\000245.jpg</path>
	<source>
		<database>Unknown</database>
	</source>
	<size>
		<width>600</width>
		<height>399</height>
		<depth>3</depth>
	</size>
	<segmented>0</segmented>
	<object>
		<name>fire</name>
		<pose>Unspecified</pose>
		<truncated>0</truncated>
		<difficult>0</difficult>
		<bndbox>
			<xmin>367</xmin>
			<ymin>141</ymin>
			<xmax>510</xmax>
			<ymax>291</ymax>
		</bndbox>
	</object>
</annotation>
