<annotation>
	<folder>JPEGImages</folder>
	<filename>000262.jpg</filename>
	<path>C:\VOCdevkit\VOC2007\JPEGImages\000262.jpg</path>
	<source>
		<database>Unknown</database>
	</source>
	<size>
		<width>3000</width>
		<height>1873</height>
		<depth>3</depth>
	</size>
	<segmented>0</segmented>
	<object>
		<name>fire</name>
		<pose>Unspecified</pose>
		<truncated>0</truncated>
		<difficult>0</difficult>
		<bndbox>
			<xmin>154</xmin>
			<ymin>892</ymin>
			<xmax>550</xmax>
			<ymax>1092</ymax>
		</bndbox>
	</object>
	<object>
		<name>fire</name>
		<pose>Unspecified</pose>
		<truncated>0</truncated>
		<difficult>0</difficult>
		<bndbox>
			<xmin>1533</xmin>
			<ymin>1210</ymin>
			<xmax>1776</xmax>
			<ymax>1305</ymax>
		</bndbox>
	</object>
	<object>
		<name>fire</name>
		<pose>Unspecified</pose>
		<truncated>0</truncated>
		<difficult>0</difficult>
		<bndbox>
			<xmin>1811</xmin>
			<ymin>1084</ymin>
			<xmax>2119</xmax>
			<ymax>1244</ymax>
		</bndbox>
	</object>
	<object>
		<name>fire</name>
		<pose>Unspecified</pose>
		<truncated>0</truncated>
		<difficult>0</difficult>
		<bndbox>
			<xmin>2054</xmin>
			<ymin>1049</ymin>
			<xmax>2198</xmax>
			<ymax>1162</ymax>
		</bndbox>
	</object>
</annotation>
