<annotation>
	<folder>JPEGImages</folder>
	<filename>000207.jpg</filename>
	<path>C:\VOCdevkit\VOC2007\JPEGImages\000207.jpg</path>
	<source>
		<database>Unknown</database>
	</source>
	<size>
		<width>3264</width>
		<height>1832</height>
		<depth>3</depth>
	</size>
	<segmented>0</segmented>
	<object>
		<name>fire</name>
		<pose>Unspecified</pose>
		<truncated>0</truncated>
		<difficult>0</difficult>
		<bndbox>
			<xmin>791</xmin>
			<ymin>16</ymin>
			<xmax>2424</xmax>
			<ymax>1106</ymax>
		</bndbox>
	</object>
</annotation>
