<annotation>
	<folder>JPEGImages</folder>
	<filename>000256.jpg</filename>
	<path>C:\VOCdevkit\VOC2007\JPEGImages\000256.jpg</path>
	<source>
		<database>Unknown</database>
	</source>
	<size>
		<width>2000</width>
		<height>1334</height>
		<depth>3</depth>
	</size>
	<segmented>0</segmented>
	<object>
		<name>fire</name>
		<pose>Unspecified</pose>
		<truncated>0</truncated>
		<difficult>0</difficult>
		<bndbox>
			<xmin>701</xmin>
			<ymin>281</ymin>
			<xmax>1472</xmax>
			<ymax>735</ymax>
		</bndbox>
	</object>
	<object>
		<name>fire</name>
		<pose>Unspecified</pose>
		<truncated>0</truncated>
		<difficult>0</difficult>
		<bndbox>
			<xmin>432</xmin>
			<ymin>515</ymin>
			<xmax>684</xmax>
			<ymax>724</ymax>
		</bndbox>
	</object>
</annotation>
