<annotation>
	<folder>JPEGImages</folder>
	<filename>000259.jpg</filename>
	<path>C:\VOCdevkit\VOC2007\JPEGImages\000259.jpg</path>
	<source>
		<database>Unknown</database>
	</source>
	<size>
		<width>3840</width>
		<height>2160</height>
		<depth>3</depth>
	</size>
	<segmented>0</segmented>
	<object>
		<name>fire</name>
		<pose>Unspecified</pose>
		<truncated>1</truncated>
		<difficult>0</difficult>
		<bndbox>
			<xmin>1</xmin>
			<ymin>334</ymin>
			<xmax>744</xmax>
			<ymax>1230</ymax>
		</bndbox>
	</object>
	<object>
		<name>fire</name>
		<pose>Unspecified</pose>
		<truncated>0</truncated>
		<difficult>0</difficult>
		<bndbox>
			<xmin>978</xmin>
			<ymin>885</ymin>
			<xmax>1522</xmax>
			<ymax>1252</ymax>
		</bndbox>
	</object>
	<object>
		<name>fire</name>
		<pose>Unspecified</pose>
		<truncated>0</truncated>
		<difficult>0</difficult>
		<bndbox>
			<xmin>1605</xmin>
			<ymin>1052</ymin>
			<xmax>1994</xmax>
			<ymax>1258</ymax>
		</bndbox>
	</object>
	<object>
		<name>fire</name>
		<pose>Unspecified</pose>
		<truncated>0</truncated>
		<difficult>0</difficult>
		<bndbox>
			<xmin>2250</xmin>
			<ymin>930</ymin>
			<xmax>3194</xmax>
			<ymax>1324</ymax>
		</bndbox>
	</object>
</annotation>
