<annotation>
	<folder>JPEGImages</folder>
	<filename>000210.jpg</filename>
	<path>C:\VOCdevkit\VOC2007\JPEGImages\000210.jpg</path>
	<source>
		<database>Unknown</database>
	</source>
	<size>
		<width>620</width>
		<height>458</height>
		<depth>3</depth>
	</size>
	<segmented>0</segmented>
	<object>
		<name>fire</name>
		<pose>Unspecified</pose>
		<truncated>0</truncated>
		<difficult>0</difficult>
		<bndbox>
			<xmin>133</xmin>
			<ymin>186</ymin>
			<xmax>232</xmax>
			<ymax>286</ymax>
		</bndbox>
	</object>
</annotation>
