<annotation>
	<folder>JPEGImages</folder>
	<filename>000276.jpg</filename>
	<path>C:\VOCdevkit\VOC2007\JPEGImages\000276.jpg</path>
	<source>
		<database>Unknown</database>
	</source>
	<size>
		<width>208</width>
		<height>315</height>
		<depth>3</depth>
	</size>
	<segmented>0</segmented>
	<object>
		<name>fire</name>
		<pose>Unspecified</pose>
		<truncated>0</truncated>
		<difficult>0</difficult>
		<bndbox>
			<xmin>80</xmin>
			<ymin>79</ymin>
			<xmax>130</xmax>
			<ymax>147</ymax>
		</bndbox>
	</object>
</annotation>
