<annotation>
	<folder>JPEGImages</folder>
	<filename>000285.jpg</filename>
	<path>C:\VOCdevkit\VOC2007\JPEGImages\000285.jpg</path>
	<source>
		<database>Unknown</database>
	</source>
	<size>
		<width>640</width>
		<height>453</height>
		<depth>3</depth>
	</size>
	<segmented>0</segmented>
	<object>
		<name>fire</name>
		<pose>Unspecified</pose>
		<truncated>0</truncated>
		<difficult>0</difficult>
		<bndbox>
			<xmin>399</xmin>
			<ymin>8</ymin>
			<xmax>622</xmax>
			<ymax>336</ymax>
		</bndbox>
	</object>
</annotation>
