<annotation>
	<folder>JPEGImages</folder>
	<filename>000258.jpg</filename>
	<path>C:\VOCdevkit\VOC2007\JPEGImages\000258.jpg</path>
	<source>
		<database>Unknown</database>
	</source>
	<size>
		<width>660</width>
		<height>371</height>
		<depth>3</depth>
	</size>
	<segmented>0</segmented>
	<object>
		<name>fire</name>
		<pose>Unspecified</pose>
		<truncated>0</truncated>
		<difficult>0</difficult>
		<bndbox>
			<xmin>235</xmin>
			<ymin>197</ymin>
			<xmax>317</xmax>
			<ymax>272</ymax>
		</bndbox>
	</object>
</annotation>
