<annotation>
	<folder>JPEGImages</folder>
	<filename>000277.jpg</filename>
	<path>C:\VOCdevkit\VOC2007\JPEGImages\000277.jpg</path>
	<source>
		<database>Unknown</database>
	</source>
	<size>
		<width>1024</width>
		<height>574</height>
		<depth>3</depth>
	</size>
	<segmented>0</segmented>
	<object>
		<name>fire</name>
		<pose>Unspecified</pose>
		<truncated>0</truncated>
		<difficult>0</difficult>
		<bndbox>
			<xmin>265</xmin>
			<ymin>33</ymin>
			<xmax>590</xmax>
			<ymax>470</ymax>
		</bndbox>
	</object>
</annotation>
