<annotation>
	<folder>JPEGImages</folder>
	<filename>000293.jpg</filename>
	<path>C:\VOCdevkit\VOC2007\JPEGImages\000293.jpg</path>
	<source>
		<database>Unknown</database>
	</source>
	<size>
		<width>337</width>
		<height>210</height>
		<depth>3</depth>
	</size>
	<segmented>0</segmented>
	<object>
		<name>fire</name>
		<pose>Unspecified</pose>
		<truncated>0</truncated>
		<difficult>0</difficult>
		<bndbox>
			<xmin>100</xmin>
			<ymin>41</ymin>
			<xmax>172</xmax>
			<ymax>150</ymax>
		</bndbox>
	</object>
	<object>
		<name>fire</name>
		<pose>Unspecified</pose>
		<truncated>0</truncated>
		<difficult>0</difficult>
		<bndbox>
			<xmin>192</xmin>
			<ymin>79</ymin>
			<xmax>259</xmax>
			<ymax>129</ymax>
		</bndbox>
	</object>
</annotation>
