<annotation>
	<folder>JPEGImages</folder>
	<filename>000218.jpg</filename>
	<path>C:\VOCdevkit\VOC2007\JPEGImages\000218.jpg</path>
	<source>
		<database>Unknown</database>
	</source>
	<size>
		<width>1200</width>
		<height>1200</height>
		<depth>3</depth>
	</size>
	<segmented>0</segmented>
	<object>
		<name>fire</name>
		<pose>Unspecified</pose>
		<truncated>0</truncated>
		<difficult>0</difficult>
		<bndbox>
			<xmin>57</xmin>
			<ymin>18</ymin>
			<xmax>1019</xmax>
			<ymax>684</ymax>
		</bndbox>
	</object>
</annotation>
