<annotation>
	<folder>JPEGImages</folder>
	<filename>000228.jpg</filename>
	<path>C:\VOCdevkit\VOC2007\JPEGImages\000228.jpg</path>
	<source>
		<database>Unknown</database>
	</source>
	<size>
		<width>725</width>
		<height>484</height>
		<depth>3</depth>
	</size>
	<segmented>0</segmented>
	<object>
		<name>fire</name>
		<pose>Unspecified</pose>
		<truncated>0</truncated>
		<difficult>0</difficult>
		<bndbox>
			<xmin>289</xmin>
			<ymin>170</ymin>
			<xmax>675</xmax>
			<ymax>391</ymax>
		</bndbox>
	</object>
</annotation>
