<annotation>
	<folder>JPEGImages</folder>
	<filename>000231.jpg</filename>
	<path>C:\VOCdevkit\VOC2007\JPEGImages\000231.jpg</path>
	<source>
		<database>Unknown</database>
	</source>
	<size>
		<width>646</width>
		<height>408</height>
		<depth>3</depth>
	</size>
	<segmented>0</segmented>
	<object>
		<name>fire</name>
		<pose>Unspecified</pose>
		<truncated>0</truncated>
		<difficult>0</difficult>
		<bndbox>
			<xmin>30</xmin>
			<ymin>3</ymin>
			<xmax>384</xmax>
			<ymax>284</ymax>
		</bndbox>
	</object>
</annotation>
