<annotation>
	<folder>JPEGImages</folder>
	<filename>000222.jpg</filename>
	<path>C:\VOCdevkit\VOC2007\JPEGImages\000222.jpg</path>
	<source>
		<database>Unknown</database>
	</source>
	<size>
		<width>701</width>
		<height>468</height>
		<depth>3</depth>
	</size>
	<segmented>0</segmented>
	<object>
		<name>fire</name>
		<pose>Unspecified</pose>
		<truncated>0</truncated>
		<difficult>0</difficult>
		<bndbox>
			<xmin>192</xmin>
			<ymin>117</ymin>
			<xmax>535</xmax>
			<ymax>264</ymax>
		</bndbox>
	</object>
</annotation>
