<annotation>
	<folder>JPEGImages</folder>
	<filename>000281.jpg</filename>
	<path>C:\VOCdevkit\VOC2007\JPEGImages\000281.jpg</path>
	<source>
		<database>Unknown</database>
	</source>
	<size>
		<width>634</width>
		<height>571</height>
		<depth>3</depth>
	</size>
	<segmented>0</segmented>
	<object>
		<name>fire</name>
		<pose>Unspecified</pose>
		<truncated>0</truncated>
		<difficult>0</difficult>
		<bndbox>
			<xmin>278</xmin>
			<ymin>55</ymin>
			<xmax>605</xmax>
			<ymax>514</ymax>
		</bndbox>
	</object>
</annotation>
