<annotation>
	<folder>JPEGImages</folder>
	<filename>000251.jpg</filename>
	<path>C:\VOCdevkit\VOC2007\JPEGImages\000251.jpg</path>
	<source>
		<database>Unknown</database>
	</source>
	<size>
		<width>2048</width>
		<height>1536</height>
		<depth>3</depth>
	</size>
	<segmented>0</segmented>
	<object>
		<name>fire</name>
		<pose>Unspecified</pose>
		<truncated>0</truncated>
		<difficult>0</difficult>
		<bndbox>
			<xmin>493</xmin>
			<ymin>731</ymin>
			<xmax>1417</xmax>
			<ymax>1375</ymax>
		</bndbox>
	</object>
</annotation>
