<annotation>
	<folder>JPEGImages</folder>
	<filename>000200.jpg</filename>
	<path>C:\VOCdevkit\VOC2007\JPEGImages\000200.jpg</path>
	<source>
		<database>Unknown</database>
	</source>
	<size>
		<width>852</width>
		<height>480</height>
		<depth>3</depth>
	</size>
	<segmented>0</segmented>
	<object>
		<name>fire</name>
		<pose>Unspecified</pose>
		<truncated>0</truncated>
		<difficult>0</difficult>
		<bndbox>
			<xmin>368</xmin>
			<ymin>37</ymin>
			<xmax>713</xmax>
			<ymax>204</ymax>
		</bndbox>
	</object>
	<object>
		<name>fire</name>
		<pose>Unspecified</pose>
		<truncated>0</truncated>
		<difficult>0</difficult>
		<bndbox>
			<xmin>86</xmin>
			<ymin>328</ymin>
			<xmax>133</xmax>
			<ymax>406</ymax>
		</bndbox>
	</object>
	<object>
		<name>fire</name>
		<pose>Unspecified</pose>
		<truncated>0</truncated>
		<difficult>0</difficult>
		<bndbox>
			<xmin>253</xmin>
			<ymin>168</ymin>
			<xmax>376</xmax>
			<ymax>254</ymax>
		</bndbox>
	</object>
</annotation>
