<annotation>
	<folder>JPEGImages</folder>
	<filename>000247.jpg</filename>
	<path>C:\VOCdevkit\VOC2007\JPEGImages\000247.jpg</path>
	<source>
		<database>Unknown</database>
	</source>
	<size>
		<width>1024</width>
		<height>768</height>
		<depth>3</depth>
	</size>
	<segmented>0</segmented>
	<object>
		<name>fire</name>
		<pose>Unspecified</pose>
		<truncated>0</truncated>
		<difficult>0</difficult>
		<bndbox>
			<xmin>131</xmin>
			<ymin>257</ymin>
			<xmax>440</xmax>
			<ymax>524</ymax>
		</bndbox>
	</object>
</annotation>
