<annotation>
	<folder>JPEGImages</folder>
	<filename>000263.jpg</filename>
	<path>C:\VOCdevkit\VOC2007\JPEGImages\000263.jpg</path>
	<source>
		<database>Unknown</database>
	</source>
	<size>
		<width>300</width>
		<height>472</height>
		<depth>3</depth>
	</size>
	<segmented>0</segmented>
	<object>
		<name>fire</name>
		<pose>Unspecified</pose>
		<truncated>0</truncated>
		<difficult>0</difficult>
		<bndbox>
			<xmin>146</xmin>
			<ymin>89</ymin>
			<xmax>259</xmax>
			<ymax>309</ymax>
		</bndbox>
	</object>
</annotation>
