<annotation>
	<folder>JPEGImages</folder>
	<filename>000232.jpg</filename>
	<path>C:\VOCdevkit\VOC2007\JPEGImages\000232.jpg</path>
	<source>
		<database>Unknown</database>
	</source>
	<size>
		<width>700</width>
		<height>571</height>
		<depth>3</depth>
	</size>
	<segmented>0</segmented>
	<object>
		<name>fire</name>
		<pose>Unspecified</pose>
		<truncated>0</truncated>
		<difficult>0</difficult>
		<bndbox>
			<xmin>184</xmin>
			<ymin>123</ymin>
			<xmax>584</xmax>
			<ymax>279</ymax>
		</bndbox>
	</object>
</annotation>
