<annotation>
	<folder>JPEGImages</folder>
	<filename>000242.jpg</filename>
	<path>C:\VOCdevkit\VOC2007\JPEGImages\000242.jpg</path>
	<source>
		<database>Unknown</database>
	</source>
	<size>
		<width>1024</width>
		<height>768</height>
		<depth>3</depth>
	</size>
	<segmented>0</segmented>
	<object>
		<name>fire</name>
		<pose>Unspecified</pose>
		<truncated>0</truncated>
		<difficult>0</difficult>
		<bndbox>
			<xmin>296</xmin>
			<ymin>74</ymin>
			<xmax>720</xmax>
			<ymax>368</ymax>
		</bndbox>
	</object>
	<object>
		<name>fire</name>
		<pose>Unspecified</pose>
		<truncated>0</truncated>
		<difficult>0</difficult>
		<bndbox>
			<xmin>318</xmin>
			<ymin>471</ymin>
			<xmax>595</xmax>
			<ymax>720</ymax>
		</bndbox>
	</object>
	<object>
		<name>fire</name>
		<pose>Unspecified</pose>
		<truncated>0</truncated>
		<difficult>0</difficult>
		<bndbox>
			<xmin>789</xmin>
			<ymin>424</ymin>
			<xmax>836</xmax>
			<ymax>480</ymax>
		</bndbox>
	</object>
</annotation>
