<annotation>
	<folder>JPEGImages</folder>
	<filename>000237.jpg</filename>
	<path>C:\VOCdevkit\VOC2007\JPEGImages\000237.jpg</path>
	<source>
		<database>Unknown</database>
	</source>
	<size>
		<width>640</width>
		<height>426</height>
		<depth>3</depth>
	</size>
	<segmented>0</segmented>
	<object>
		<name>fire</name>
		<pose>Unspecified</pose>
		<truncated>0</truncated>
		<difficult>0</difficult>
		<bndbox>
			<xmin>224</xmin>
			<ymin>111</ymin>
			<xmax>470</xmax>
			<ymax>245</ymax>
		</bndbox>
	</object>
</annotation>
