<annotation>
	<folder>JPEGImages</folder>
	<filename>000292.jpg</filename>
	<path>C:\VOCdevkit\VOC2007\JPEGImages\000292.jpg</path>
	<source>
		<database>Unknown</database>
	</source>
	<size>
		<width>360</width>
		<height>223</height>
		<depth>3</depth>
	</size>
	<segmented>0</segmented>
	<object>
		<name>fire</name>
		<pose>Unspecified</pose>
		<truncated>0</truncated>
		<difficult>0</difficult>
		<bndbox>
			<xmin>45</xmin>
			<ymin>8</ymin>
			<xmax>135</xmax>
			<ymax>156</ymax>
		</bndbox>
	</object>
</annotation>
