<annotation>
	<folder>JPEGImages</folder>
	<filename>000296.jpg</filename>
	<path>C:\VOCdevkit\VOC2007\JPEGImages\000296.jpg</path>
	<source>
		<database>Unknown</database>
	</source>
	<size>
		<width>474</width>
		<height>317</height>
		<depth>3</depth>
	</size>
	<segmented>0</segmented>
	<object>
		<name>fire</name>
		<pose>Unspecified</pose>
		<truncated>0</truncated>
		<difficult>0</difficult>
		<bndbox>
			<xmin>122</xmin>
			<ymin>44</ymin>
			<xmax>171</xmax>
			<ymax>138</ymax>
		</bndbox>
	</object>
	<object>
		<name>fire</name>
		<pose>Unspecified</pose>
		<truncated>0</truncated>
		<difficult>0</difficult>
		<bndbox>
			<xmin>229</xmin>
			<ymin>27</ymin>
			<xmax>308</xmax>
			<ymax>130</ymax>
		</bndbox>
	</object>
	<object>
		<name>fire</name>
		<pose>Unspecified</pose>
		<truncated>0</truncated>
		<difficult>0</difficult>
		<bndbox>
			<xmin>302</xmin>
			<ymin>78</ymin>
			<xmax>382</xmax>
			<ymax>129</ymax>
		</bndbox>
	</object>
</annotation>
