<annotation>
	<folder>JPEGImages</folder>
	<filename>000260.jpg</filename>
	<path>C:\VOCdevkit\VOC2007\JPEGImages\000260.jpg</path>
	<source>
		<database>Unknown</database>
	</source>
	<size>
		<width>950</width>
		<height>633</height>
		<depth>3</depth>
	</size>
	<segmented>0</segmented>
	<object>
		<name>fire</name>
		<pose>Unspecified</pose>
		<truncated>0</truncated>
		<difficult>0</difficult>
		<bndbox>
			<xmin>86</xmin>
			<ymin>223</ymin>
			<xmax>298</xmax>
			<ymax>518</ymax>
		</bndbox>
	</object>
	<object>
		<name>fire</name>
		<pose>Unspecified</pose>
		<truncated>0</truncated>
		<difficult>0</difficult>
		<bndbox>
			<xmin>353</xmin>
			<ymin>84</ymin>
			<xmax>643</xmax>
			<ymax>497</ymax>
		</bndbox>
	</object>
</annotation>
