<annotation>
	<folder>JPEGImages</folder>
	<filename>000224.jpg</filename>
	<path>C:\VOCdevkit\VOC2007\JPEGImages\000224.jpg</path>
	<source>
		<database>Unknown</database>
	</source>
	<size>
		<width>795</width>
		<height>531</height>
		<depth>3</depth>
	</size>
	<segmented>0</segmented>
	<object>
		<name>fire</name>
		<pose>Unspecified</pose>
		<truncated>0</truncated>
		<difficult>0</difficult>
		<bndbox>
			<xmin>380</xmin>
			<ymin>152</ymin>
			<xmax>506</xmax>
			<ymax>347</ymax>
		</bndbox>
	</object>
</annotation>
