<annotation>
	<folder>JPEGImages</folder>
	<filename>000272.jpg</filename>
	<path>C:\VOCdevkit\VOC2007\JPEGImages\000272.jpg</path>
	<source>
		<database>Unknown</database>
	</source>
	<size>
		<width>1411</width>
		<height>960</height>
		<depth>3</depth>
	</size>
	<segmented>0</segmented>
	<object>
		<name>fire</name>
		<pose>Unspecified</pose>
		<truncated>0</truncated>
		<difficult>0</difficult>
		<bndbox>
			<xmin>412</xmin>
			<ymin>12</ymin>
			<xmax>1121</xmax>
			<ymax>720</ymax>
		</bndbox>
	</object>
</annotation>
