<annotation>
	<folder>JPEGImages</folder>
	<filename>000283.jpg</filename>
	<path>C:\VOCdevkit\VOC2007\JPEGImages\000283.jpg</path>
	<source>
		<database>Unknown</database>
	</source>
	<size>
		<width>900</width>
		<height>675</height>
		<depth>3</depth>
	</size>
	<segmented>0</segmented>
	<object>
		<name>fire</name>
		<pose>Unspecified</pose>
		<truncated>0</truncated>
		<difficult>0</difficult>
		<bndbox>
			<xmin>304</xmin>
			<ymin>154</ymin>
			<xmax>784</xmax>
			<ymax>485</ymax>
		</bndbox>
	</object>
</annotation>
