<annotation>
	<folder>JPEGImages</folder>
	<filename>000229.jpg</filename>
	<path>C:\VOCdevkit\VOC2007\JPEGImages\000229.jpg</path>
	<source>
		<database>Unknown</database>
	</source>
	<size>
		<width>450</width>
		<height>600</height>
		<depth>3</depth>
	</size>
	<segmented>0</segmented>
	<object>
		<name>fire</name>
		<pose>Unspecified</pose>
		<truncated>0</truncated>
		<difficult>0</difficult>
		<bndbox>
			<xmin>112</xmin>
			<ymin>209</ymin>
			<xmax>333</xmax>
			<ymax>474</ymax>
		</bndbox>
	</object>
</annotation>
