<annotation>
	<folder>JPEGImages</folder>
	<filename>000266.jpg</filename>
	<path>C:\VOCdevkit\VOC2007\JPEGImages\000266.jpg</path>
	<source>
		<database>Unknown</database>
	</source>
	<size>
		<width>600</width>
		<height>398</height>
		<depth>3</depth>
	</size>
	<segmented>0</segmented>
	<object>
		<name>fire</name>
		<pose>Unspecified</pose>
		<truncated>0</truncated>
		<difficult>0</difficult>
		<bndbox>
			<xmin>329</xmin>
			<ymin>177</ymin>
			<xmax>387</xmax>
			<ymax>270</ymax>
		</bndbox>
	</object>
	<object>
		<name>fire</name>
		<pose>Unspecified</pose>
		<truncated>0</truncated>
		<difficult>0</difficult>
		<bndbox>
			<xmin>432</xmin>
			<ymin>216</ymin>
			<xmax>508</xmax>
			<ymax>277</ymax>
		</bndbox>
	</object>
</annotation>
