<annotation>
	<folder>JPEGImages</folder>
	<filename>000221.jpg</filename>
	<path>C:\VOCdevkit\VOC2007\JPEGImages\000221.jpg</path>
	<source>
		<database>Unknown</database>
	</source>
	<size>
		<width>981</width>
		<height>768</height>
		<depth>3</depth>
	</size>
	<segmented>0</segmented>
	<object>
		<name>fire</name>
		<pose>Unspecified</pose>
		<truncated>1</truncated>
		<difficult>0</difficult>
		<bndbox>
			<xmin>6</xmin>
			<ymin>1</ymin>
			<xmax>840</xmax>
			<ymax>321</ymax>
		</bndbox>
	</object>
	<object>
		<name>fire</name>
		<pose>Unspecified</pose>
		<truncated>0</truncated>
		<difficult>0</difficult>
		<bndbox>
			<xmin>519</xmin>
			<ymin>635</ymin>
			<xmax>657</xmax>
			<ymax>740</ymax>
		</bndbox>
	</object>
	<object>
		<name>fire</name>
		<pose>Unspecified</pose>
		<truncated>0</truncated>
		<difficult>0</difficult>
		<bndbox>
			<xmin>426</xmin>
			<ymin>700</ymin>
			<xmax>517</xmax>
			<ymax>741</ymax>
		</bndbox>
	</object>
</annotation>
