<annotation>
	<folder>JPEGImages</folder>
	<filename>000209.jpg</filename>
	<path>C:\VOCdevkit\VOC2007\JPEGImages\000209.jpg</path>
	<source>
		<database>Unknown</database>
	</source>
	<size>
		<width>640</width>
		<height>480</height>
		<depth>3</depth>
	</size>
	<segmented>0</segmented>
	<object>
		<name>fire</name>
		<pose>Unspecified</pose>
		<truncated>0</truncated>
		<difficult>0</difficult>
		<bndbox>
			<xmin>293</xmin>
			<ymin>133</ymin>
			<xmax>385</xmax>
			<ymax>257</ymax>
		</bndbox>
	</object>
</annotation>
