<annotation>
	<folder>JPEGImages</folder>
	<filename>000356.jpg</filename>
	<path>C:\VOCdevkit\VOC2007\JPEGImages\000356.jpg</path>
	<source>
		<database>Unknown</database>
	</source>
	<size>
		<width>900</width>
		<height>600</height>
		<depth>3</depth>
	</size>
	<segmented>0</segmented>
	<object>
		<name>fire</name>
		<pose>Unspecified</pose>
		<truncated>0</truncated>
		<difficult>0</difficult>
		<bndbox>
			<xmin>390</xmin>
			<ymin>247</ymin>
			<xmax>552</xmax>
			<ymax>388</ymax>
		</bndbox>
	</object>
	<object>
		<name>fire</name>
		<pose>Unspecified</pose>
		<truncated>0</truncated>
		<difficult>0</difficult>
		<bndbox>
			<xmin>391</xmin>
			<ymin>409</ymin>
			<xmax>421</xmax>
			<ymax>458</ymax>
		</bndbox>
	</object>
	<object>
		<name>fire</name>
		<pose>Unspecified</pose>
		<truncated>0</truncated>
		<difficult>0</difficult>
		<bndbox>
			<xmin>372</xmin>
			<ymin>399</ymin>
			<xmax>397</xmax>
			<ymax>447</ymax>
		</bndbox>
	</object>
	<object>
		<name>fire</name>
		<pose>Unspecified</pose>
		<truncated>0</truncated>
		<difficult>0</difficult>
		<bndbox>
			<xmin>323</xmin>
			<ymin>384</ymin>
			<xmax>367</xmax>
			<ymax>437</ymax>
		</bndbox>
	</object>
</annotation>
