<annotation>
	<folder>JPEGImages</folder>
	<filename>000323.jpg</filename>
	<path>C:\VOCdevkit\VOC2007\JPEGImages\000323.jpg</path>
	<source>
		<database>Unknown</database>
	</source>
	<size>
		<width>500</width>
		<height>375</height>
		<depth>3</depth>
	</size>
	<segmented>0</segmented>
	<object>
		<name>fire</name>
		<pose>Unspecified</pose>
		<truncated>0</truncated>
		<difficult>0</difficult>
		<bndbox>
			<xmin>235</xmin>
			<ymin>67</ymin>
			<xmax>279</xmax>
			<ymax>177</ymax>
		</bndbox>
	</object>
	<object>
		<name>fire</name>
		<pose>Unspecified</pose>
		<truncated>0</truncated>
		<difficult>0</difficult>
		<bndbox>
			<xmin>197</xmin>
			<ymin>93</ymin>
			<xmax>233</xmax>
			<ymax>179</ymax>
		</bndbox>
	</object>
	<object>
		<name>fire</name>
		<pose>Unspecified</pose>
		<truncated>0</truncated>
		<difficult>0</difficult>
		<bndbox>
			<xmin>160</xmin>
			<ymin>134</ymin>
			<xmax>189</xmax>
			<ymax>184</ymax>
		</bndbox>
	</object>
</annotation>
