<annotation>
	<folder>JPEGImages</folder>
	<filename>000300.jpg</filename>
	<path>C:\VOCdevkit\VOC2007\JPEGImages\000300.jpg</path>
	<source>
		<database>Unknown</database>
	</source>
	<size>
		<width>800</width>
		<height>518</height>
		<depth>3</depth>
	</size>
	<segmented>0</segmented>
	<object>
		<name>fire</name>
		<pose>Unspecified</pose>
		<truncated>0</truncated>
		<difficult>0</difficult>
		<bndbox>
			<xmin>229</xmin>
			<ymin>177</ymin>
			<xmax>452</xmax>
			<ymax>286</ymax>
		</bndbox>
	</object>
	<object>
		<name>fire</name>
		<pose>Unspecified</pose>
		<truncated>0</truncated>
		<difficult>0</difficult>
		<bndbox>
			<xmin>528</xmin>
			<ymin>229</ymin>
			<xmax>569</xmax>
			<ymax>268</ymax>
		</bndbox>
	</object>
	<object>
		<name>fire</name>
		<pose>Unspecified</pose>
		<truncated>0</truncated>
		<difficult>0</difficult>
		<bndbox>
			<xmin>588</xmin>
			<ymin>225</ymin>
			<xmax>637</xmax>
			<ymax>276</ymax>
		</bndbox>
	</object>
</annotation>
