<annotation>
	<folder>JPEGImages</folder>
	<filename>000302.jpg</filename>
	<path>C:\VOCdevkit\VOC2007\JPEGImages\000302.jpg</path>
	<source>
		<database>Unknown</database>
	</source>
	<size>
		<width>440</width>
		<height>589</height>
		<depth>3</depth>
	</size>
	<segmented>0</segmented>
	<object>
		<name>fire</name>
		<pose>Unspecified</pose>
		<truncated>0</truncated>
		<difficult>0</difficult>
		<bndbox>
			<xmin>191</xmin>
			<ymin>183</ymin>
			<xmax>288</xmax>
			<ymax>351</ymax>
		</bndbox>
	</object>
</annotation>
