<annotation>
	<folder>JPEGImages</folder>
	<filename>000314.jpg</filename>
	<path>C:\VOCdevkit\VOC2007\JPEGImages\000314.jpg</path>
	<source>
		<database>Unknown</database>
	</source>
	<size>
		<width>690</width>
		<height>517</height>
		<depth>3</depth>
	</size>
	<segmented>0</segmented>
	<object>
		<name>fire</name>
		<pose>Unspecified</pose>
		<truncated>0</truncated>
		<difficult>0</difficult>
		<bndbox>
			<xmin>227</xmin>
			<ymin>167</ymin>
			<xmax>338</xmax>
			<ymax>337</ymax>
		</bndbox>
	</object>
	<object>
		<name>fire</name>
		<pose>Unspecified</pose>
		<truncated>0</truncated>
		<difficult>0</difficult>
		<bndbox>
			<xmin>302</xmin>
			<ymin>378</ymin>
			<xmax>347</xmax>
			<ymax>432</ymax>
		</bndbox>
	</object>
</annotation>
