<annotation>
	<folder>JPEGImages</folder>
	<filename>000324.jpg</filename>
	<path>C:\VOCdevkit\VOC2007\JPEGImages\000324.jpg</path>
	<source>
		<database>Unknown</database>
	</source>
	<size>
		<width>330</width>
		<height>197</height>
		<depth>3</depth>
	</size>
	<segmented>0</segmented>
	<object>
		<name>fire</name>
		<pose>Unspecified</pose>
		<truncated>0</truncated>
		<difficult>0</difficult>
		<bndbox>
			<xmin>37</xmin>
			<ymin>13</ymin>
			<xmax>204</xmax>
			<ymax>150</ymax>
		</bndbox>
	</object>
</annotation>
