<annotation>
	<folder>JPEGImages</folder>
	<filename>000325.jpg</filename>
	<path>C:\VOCdevkit\VOC2007\JPEGImages\000325.jpg</path>
	<source>
		<database>Unknown</database>
	</source>
	<size>
		<width>440</width>
		<height>587</height>
		<depth>3</depth>
	</size>
	<segmented>0</segmented>
	<object>
		<name>fire</name>
		<pose>Unspecified</pose>
		<truncated>0</truncated>
		<difficult>0</difficult>
		<bndbox>
			<xmin>150</xmin>
			<ymin>277</ymin>
			<xmax>248</xmax>
			<ymax>405</ymax>
		</bndbox>
	</object>
</annotation>
