<annotation>
	<folder>JPEGImages</folder>
	<filename>000331.jpg</filename>
	<path>C:\VOCdevkit\VOC2007\JPEGImages\000331.jpg</path>
	<source>
		<database>Unknown</database>
	</source>
	<size>
		<width>500</width>
		<height>375</height>
		<depth>3</depth>
	</size>
	<segmented>0</segmented>
	<object>
		<name>fire</name>
		<pose>Unspecified</pose>
		<truncated>0</truncated>
		<difficult>0</difficult>
		<bndbox>
			<xmin>268</xmin>
			<ymin>120</ymin>
			<xmax>349</xmax>
			<ymax>223</ymax>
		</bndbox>
	</object>
</annotation>
