<annotation>
	<folder>JPEGImages</folder>
	<filename>000346.jpg</filename>
	<path>C:\VOCdevkit\VOC2007\JPEGImages\000346.jpg</path>
	<source>
		<database>Unknown</database>
	</source>
	<size>
		<width>313</width>
		<height>209</height>
		<depth>3</depth>
	</size>
	<segmented>0</segmented>
	<object>
		<name>fire</name>
		<pose>Unspecified</pose>
		<truncated>0</truncated>
		<difficult>0</difficult>
		<bndbox>
			<xmin>184</xmin>
			<ymin>37</ymin>
			<xmax>262</xmax>
			<ymax>129</ymax>
		</bndbox>
	</object>
</annotation>
