<annotation>
	<folder>JPEGImages</folder>
	<filename>000340.jpg</filename>
	<path>C:\VOCdevkit\VOC2007\JPEGImages\000340.jpg</path>
	<source>
		<database>Unknown</database>
	</source>
	<size>
		<width>977</width>
		<height>735</height>
		<depth>3</depth>
	</size>
	<segmented>0</segmented>
	<object>
		<name>fire</name>
		<pose>Unspecified</pose>
		<truncated>0</truncated>
		<difficult>0</difficult>
		<bndbox>
			<xmin>384</xmin>
			<ymin>190</ymin>
			<xmax>700</xmax>
			<ymax>474</ymax>
		</bndbox>
	</object>
</annotation>
