<annotation>
	<folder>JPEGImages</folder>
	<filename>000344.jpg</filename>
	<path>C:\VOCdevkit\VOC2007\JPEGImages\000344.jpg</path>
	<source>
		<database>Unknown</database>
	</source>
	<size>
		<width>390</width>
		<height>256</height>
		<depth>3</depth>
	</size>
	<segmented>0</segmented>
	<object>
		<name>fire</name>
		<pose>Unspecified</pose>
		<truncated>1</truncated>
		<difficult>0</difficult>
		<bndbox>
			<xmin>17</xmin>
			<ymin>1</ymin>
			<xmax>220</xmax>
			<ymax>217</ymax>
		</bndbox>
	</object>
</annotation>
