<annotation>
	<folder>JPEGImages</folder>
	<filename>000336.jpg</filename>
	<path>C:\VOCdevkit\VOC2007\JPEGImages\000336.jpg</path>
	<source>
		<database>Unknown</database>
	</source>
	<size>
		<width>500</width>
		<height>397</height>
		<depth>3</depth>
	</size>
	<segmented>0</segmented>
	<object>
		<name>fire</name>
		<pose>Unspecified</pose>
		<truncated>0</truncated>
		<difficult>0</difficult>
		<bndbox>
			<xmin>117</xmin>
			<ymin>90</ymin>
			<xmax>178</xmax>
			<ymax>211</ymax>
		</bndbox>
	</object>
	<object>
		<name>fire</name>
		<pose>Unspecified</pose>
		<truncated>0</truncated>
		<difficult>0</difficult>
		<bndbox>
			<xmin>197</xmin>
			<ymin>176</ymin>
			<xmax>253</xmax>
			<ymax>329</ymax>
		</bndbox>
	</object>
</annotation>
