<annotation>
	<folder>JPEGImages</folder>
	<filename>000343.jpg</filename>
	<path>C:\VOCdevkit\VOC2007\JPEGImages\000343.jpg</path>
	<source>
		<database>Unknown</database>
	</source>
	<size>
		<width>449</width>
		<height>300</height>
		<depth>3</depth>
	</size>
	<segmented>0</segmented>
	<object>
		<name>fire</name>
		<pose>Unspecified</pose>
		<truncated>0</truncated>
		<difficult>0</difficult>
		<bndbox>
			<xmin>269</xmin>
			<ymin>10</ymin>
			<xmax>448</xmax>
			<ymax>143</ymax>
		</bndbox>
	</object>
</annotation>
