<annotation>
	<folder>JPEGImages</folder>
	<filename>000342.jpg</filename>
	<path>C:\VOCdevkit\VOC2007\JPEGImages\000342.jpg</path>
	<source>
		<database>Unknown</database>
	</source>
	<size>
		<width>500</width>
		<height>333</height>
		<depth>3</depth>
	</size>
	<segmented>0</segmented>
	<object>
		<name>fire</name>
		<pose>Unspecified</pose>
		<truncated>0</truncated>
		<difficult>0</difficult>
		<bndbox>
			<xmin>197</xmin>
			<ymin>65</ymin>
			<xmax>225</xmax>
			<ymax>286</ymax>
		</bndbox>
	</object>
</annotation>
