<annotation>
	<folder>JPEGImages</folder>
	<filename>000319.jpg</filename>
	<path>C:\VOCdevkit\VOC2007\JPEGImages\000319.jpg</path>
	<source>
		<database>Unknown</database>
	</source>
	<size>
		<width>500</width>
		<height>334</height>
		<depth>3</depth>
	</size>
	<segmented>0</segmented>
	<object>
		<name>fire</name>
		<pose>Unspecified</pose>
		<truncated>0</truncated>
		<difficult>0</difficult>
		<bndbox>
			<xmin>328</xmin>
			<ymin>153</ymin>
			<xmax>385</xmax>
			<ymax>204</ymax>
		</bndbox>
	</object>
	<object>
		<name>fire</name>
		<pose>Unspecified</pose>
		<truncated>0</truncated>
		<difficult>0</difficult>
		<bndbox>
			<xmin>418</xmin>
			<ymin>198</ymin>
			<xmax>475</xmax>
			<ymax>263</ymax>
		</bndbox>
	</object>
</annotation>
