<annotation>
	<folder>JPEGImages</folder>
	<filename>000350.jpg</filename>
	<path>C:\VOCdevkit\VOC2007\JPEGImages\000350.jpg</path>
	<source>
		<database>Unknown</database>
	</source>
	<size>
		<width>295</width>
		<height>221</height>
		<depth>3</depth>
	</size>
	<segmented>0</segmented>
	<object>
		<name>fire</name>
		<pose>Unspecified</pose>
		<truncated>0</truncated>
		<difficult>0</difficult>
		<bndbox>
			<xmin>176</xmin>
			<ymin>35</ymin>
			<xmax>249</xmax>
			<ymax>102</ymax>
		</bndbox>
	</object>
</annotation>
