<annotation>
	<folder>JPEGImages</folder>
	<filename>000306.jpg</filename>
	<path>C:\VOCdevkit\VOC2007\JPEGImages\000306.jpg</path>
	<source>
		<database>Unknown</database>
	</source>
	<size>
		<width>500</width>
		<height>333</height>
		<depth>3</depth>
	</size>
	<segmented>0</segmented>
	<object>
		<name>fire</name>
		<pose>Unspecified</pose>
		<truncated>0</truncated>
		<difficult>0</difficult>
		<bndbox>
			<xmin>106</xmin>
			<ymin>2</ymin>
			<xmax>260</xmax>
			<ymax>169</ymax>
		</bndbox>
	</object>
	<object>
		<name>fire</name>
		<pose>Unspecified</pose>
		<truncated>0</truncated>
		<difficult>0</difficult>
		<bndbox>
			<xmin>30</xmin>
			<ymin>90</ymin>
			<xmax>60</xmax>
			<ymax>135</ymax>
		</bndbox>
	</object>
	<object>
		<name>fire</name>
		<pose>Unspecified</pose>
		<truncated>0</truncated>
		<difficult>0</difficult>
		<bndbox>
			<xmin>424</xmin>
			<ymin>276</ymin>
			<xmax>478</xmax>
			<ymax>316</ymax>
		</bndbox>
	</object>
</annotation>
