<annotation>
	<folder>JPEGImages</folder>
	<filename>000352.jpg</filename>
	<path>C:\VOCdevkit\VOC2007\JPEGImages\000352.jpg</path>
	<source>
		<database>Unknown</database>
	</source>
	<size>
		<width>1024</width>
		<height>783</height>
		<depth>3</depth>
	</size>
	<segmented>0</segmented>
	<object>
		<name>fire</name>
		<pose>Unspecified</pose>
		<truncated>0</truncated>
		<difficult>0</difficult>
		<bndbox>
			<xmin>64</xmin>
			<ymin>290</ymin>
			<xmax>849</xmax>
			<ymax>610</ymax>
		</bndbox>
	</object>
	<object>
		<name>fire</name>
		<pose>Unspecified</pose>
		<truncated>0</truncated>
		<difficult>0</difficult>
		<bndbox>
			<xmin>858</xmin>
			<ymin>541</ymin>
			<xmax>997</xmax>
			<ymax>612</ymax>
		</bndbox>
	</object>
</annotation>
