<annotation>
	<folder>JPEGImages</folder>
	<filename>000333.jpg</filename>
	<path>C:\VOCdevkit\VOC2007\JPEGImages\000333.jpg</path>
	<source>
		<database>Unknown</database>
	</source>
	<size>
		<width>400</width>
		<height>300</height>
		<depth>3</depth>
	</size>
	<segmented>0</segmented>
	<object>
		<name>fire</name>
		<pose>Unspecified</pose>
		<truncated>0</truncated>
		<difficult>0</difficult>
		<bndbox>
			<xmin>16</xmin>
			<ymin>10</ymin>
			<xmax>197</xmax>
			<ymax>264</ymax>
		</bndbox>
	</object>
</annotation>
