<annotation>
	<folder>JPEGImages</folder>
	<filename>000335.jpg</filename>
	<path>C:\VOCdevkit\VOC2007\JPEGImages\000335.jpg</path>
	<source>
		<database>Unknown</database>
	</source>
	<size>
		<width>3888</width>
		<height>2592</height>
		<depth>3</depth>
	</size>
	<segmented>0</segmented>
	<object>
		<name>fire</name>
		<pose>Unspecified</pose>
		<truncated>0</truncated>
		<difficult>0</difficult>
		<bndbox>
			<xmin>2746</xmin>
			<ymin>1096</ymin>
			<xmax>3635</xmax>
			<ymax>1718</ymax>
		</bndbox>
	</object>
</annotation>
