<annotation>
	<folder>JPEGImages</folder>
	<filename>000315.jpg</filename>
	<path>C:\VOCdevkit\VOC2007\JPEGImages\000315.jpg</path>
	<source>
		<database>Unknown</database>
	</source>
	<size>
		<width>634</width>
		<height>391</height>
		<depth>3</depth>
	</size>
	<segmented>0</segmented>
	<object>
		<name>fire</name>
		<pose>Unspecified</pose>
		<truncated>1</truncated>
		<difficult>0</difficult>
		<bndbox>
			<xmin>87</xmin>
			<ymin>1</ymin>
			<xmax>492</xmax>
			<ymax>236</ymax>
		</bndbox>
	</object>
	<object>
		<name>fire</name>
		<pose>Unspecified</pose>
		<truncated>0</truncated>
		<difficult>0</difficult>
		<bndbox>
			<xmin>523</xmin>
			<ymin>70</ymin>
			<xmax>630</xmax>
			<ymax>211</ymax>
		</bndbox>
	</object>
</annotation>
