<annotation>
	<folder>JPEGImages</folder>
	<filename>000354.jpg</filename>
	<path>C:\VOCdevkit\VOC2007\JPEGImages\000354.jpg</path>
	<source>
		<database>Unknown</database>
	</source>
	<size>
		<width>600</width>
		<height>435</height>
		<depth>3</depth>
	</size>
	<segmented>0</segmented>
	<object>
		<name>fire</name>
		<pose>Unspecified</pose>
		<truncated>0</truncated>
		<difficult>0</difficult>
		<bndbox>
			<xmin>435</xmin>
			<ymin>147</ymin>
			<xmax>473</xmax>
			<ymax>172</ymax>
		</bndbox>
	</object>
	<object>
		<name>fire</name>
		<pose>Unspecified</pose>
		<truncated>0</truncated>
		<difficult>0</difficult>
		<bndbox>
			<xmin>98</xmin>
			<ymin>142</ymin>
			<xmax>127</xmax>
			<ymax>175</ymax>
		</bndbox>
	</object>
</annotation>
