<annotation>
	<folder>JPEGImages</folder>
	<filename>000328.jpg</filename>
	<path>C:\VOCdevkit\VOC2007\JPEGImages\000328.jpg</path>
	<source>
		<database>Unknown</database>
	</source>
	<size>
		<width>640</width>
		<height>426</height>
		<depth>3</depth>
	</size>
	<segmented>0</segmented>
	<object>
		<name>fire</name>
		<pose>Unspecified</pose>
		<truncated>0</truncated>
		<difficult>0</difficult>
		<bndbox>
			<xmin>237</xmin>
			<ymin>92</ymin>
			<xmax>459</xmax>
			<ymax>252</ymax>
		</bndbox>
	</object>
</annotation>
