<annotation>
	<folder>JPEGImages</folder>
	<filename>000353.jpg</filename>
	<path>C:\VOCdevkit\VOC2007\JPEGImages\000353.jpg</path>
	<source>
		<database>Unknown</database>
	</source>
	<size>
		<width>600</width>
		<height>450</height>
		<depth>3</depth>
	</size>
	<segmented>0</segmented>
	<object>
		<name>fire</name>
		<pose>Unspecified</pose>
		<truncated>0</truncated>
		<difficult>0</difficult>
		<bndbox>
			<xmin>269</xmin>
			<ymin>31</ymin>
			<xmax>412</xmax>
			<ymax>251</ymax>
		</bndbox>
	</object>
</annotation>
