<annotation>
	<folder>JPEGImages</folder>
	<filename>000337.jpg</filename>
	<path>C:\VOCdevkit\VOC2007\JPEGImages\000337.jpg</path>
	<source>
		<database>Unknown</database>
	</source>
	<size>
		<width>500</width>
		<height>375</height>
		<depth>3</depth>
	</size>
	<segmented>0</segmented>
	<object>
		<name>fire</name>
		<pose>Unspecified</pose>
		<truncated>0</truncated>
		<difficult>0</difficult>
		<bndbox>
			<xmin>75</xmin>
			<ymin>65</ymin>
			<xmax>239</xmax>
			<ymax>199</ymax>
		</bndbox>
	</object>
</annotation>
