<annotation>
	<folder>JPEGImages</folder>
	<filename>000320.jpg</filename>
	<path>C:\VOCdevkit\VOC2007\JPEGImages\000320.jpg</path>
	<source>
		<database>Unknown</database>
	</source>
	<size>
		<width>500</width>
		<height>425</height>
		<depth>3</depth>
	</size>
	<segmented>0</segmented>
	<object>
		<name>fire</name>
		<pose>Unspecified</pose>
		<truncated>0</truncated>
		<difficult>0</difficult>
		<bndbox>
			<xmin>204</xmin>
			<ymin>179</ymin>
			<xmax>307</xmax>
			<ymax>271</ymax>
		</bndbox>
	</object>
</annotation>
