<annotation>
	<folder>JPEGImages</folder>
	<filename>000321.jpg</filename>
	<path>C:\VOCdevkit\VOC2007\JPEGImages\000321.jpg</path>
	<source>
		<database>Unknown</database>
	</source>
	<size>
		<width>419</width>
		<height>240</height>
		<depth>3</depth>
	</size>
	<segmented>0</segmented>
	<object>
		<name>fire</name>
		<pose>Unspecified</pose>
		<truncated>0</truncated>
		<difficult>0</difficult>
		<bndbox>
			<xmin>89</xmin>
			<ymin>74</ymin>
			<xmax>230</xmax>
			<ymax>183</ymax>
		</bndbox>
	</object>
</annotation>
