<annotation>
	<folder>JPEGImages</folder>
	<filename>000326.jpg</filename>
	<path>C:\VOCdevkit\VOC2007\JPEGImages\000326.jpg</path>
	<source>
		<database>Unknown</database>
	</source>
	<size>
		<width>800</width>
		<height>1071</height>
		<depth>3</depth>
	</size>
	<segmented>0</segmented>
	<object>
		<name>fire</name>
		<pose>Unspecified</pose>
		<truncated>0</truncated>
		<difficult>0</difficult>
		<bndbox>
			<xmin>324</xmin>
			<ymin>401</ymin>
			<xmax>619</xmax>
			<ymax>751</ymax>
		</bndbox>
	</object>
</annotation>
