<annotation>
	<folder>JPEGImages</folder>
	<filename>000317.jpg</filename>
	<path>C:\VOCdevkit\VOC2007\JPEGImages\000317.jpg</path>
	<source>
		<database>Unknown</database>
	</source>
	<size>
		<width>300</width>
		<height>200</height>
		<depth>3</depth>
	</size>
	<segmented>0</segmented>
	<object>
		<name>fire</name>
		<pose>Unspecified</pose>
		<truncated>0</truncated>
		<difficult>0</difficult>
		<bndbox>
			<xmin>31</xmin>
			<ymin>103</ymin>
			<xmax>81</xmax>
			<ymax>144</ymax>
		</bndbox>
	</object>
	<object>
		<name>fire</name>
		<pose>Unspecified</pose>
		<truncated>0</truncated>
		<difficult>0</difficult>
		<bndbox>
			<xmin>162</xmin>
			<ymin>125</ymin>
			<xmax>186</xmax>
			<ymax>142</ymax>
		</bndbox>
	</object>
</annotation>
